date,Rainfall
2023-04-06 02:10:00-06:00,3.3
2023-04-06 02:15:00-06:00,1.52
2023-04-06 02:20:00-06:00,0.25
2023-04-06 02:25:00-06:00,0.25
2023-04-06 03:20:00-06:00,0.25
2023-04-06 06:15:00-06:00,2.29
2023-04-06 06:20:00-06:00,2.79
2023-04-06 06:25:00-06:00,1.52
2023-04-06 06:30:00-06:00,0.51
2023-04-06 06:35:00-06:00,0.25
2023-04-06 06:40:00-06:00,0.25
2023-04-06 06:45:00-06:00,0.25
2023-04-06 06:50:00-06:00,0.25
2023-04-06 07:15:00-06:00,0.25
2023-04-06 07:20:00-06:00,0.25
2023-04-06 07:25:00-06:00,5.08
2023-04-06 07:30:00-06:00,1.52
2023-04-06 07:40:00-06:00,0.25
2023-04-06 07:45:00-06:00,0.25
2023-04-06 07:50:00-06:00,2.03
2023-04-06 07:55:00-06:00,1.52
2023-04-06 08:05:00-06:00,0.25
2023-04-06 08:20:00-06:00,0.25
2023-04-06 08:25:00-06:00,0.25
2023-04-06 08:40:00-06:00,0.76
2023-04-06 08:45:00-06:00,1.02
2023-04-06 08:50:00-06:00,0.51
2023-04-06 08:55:00-06:00,0.25
2023-04-06 09:00:00-06:00,0.25
2023-04-06 09:05:00-06:00,0.25
2023-04-06 09:40:00-06:00,0.25
2023-04-06 09:45:00-06:00,0.51
2023-04-06 09:50:00-06:00,1.27
2023-04-06 09:55:00-06:00,3.56
2023-04-06 10:00:00-06:00,1.27
2023-04-06 10:05:00-06:00,3.56
2023-04-06 10:10:00-06:00,3.56
2023-04-06 10:15:00-06:00,3.56
2023-04-06 10:20:00-06:00,2.54
2023-04-06 10:25:00-06:00,2.03
2023-04-06 10:30:00-06:00,1.52
2023-04-06 10:35:00-06:00,0.51
2023-04-06 10:40:00-06:00,0.25
2023-04-06 11:40:00-06:00,0.25
2023-04-06 11:50:00-06:00,0.25
2023-04-06 13:50:00-06:00,0.25
2023-04-07 00:25:00-06:00,0.25
2023-04-07 00:30:00-06:00,0.25
2023-04-07 00:35:00-06:00,0.25
2023-04-07 00:40:00-06:00,0.25
2023-04-07 00:45:00-06:00,0.25
2023-04-07 00:55:00-06:00,0.25
2023-04-07 01:00:00-06:00,0.25
2023-04-07 01:10:00-06:00,0.51
2023-04-07 01:15:00-06:00,0.51
2023-04-07 01:20:00-06:00,0.25
2023-04-07 01:30:00-06:00,0.25
2023-04-07 03:40:00-06:00,0.25
2023-04-07 03:50:00-06:00,0.25
2023-04-07 08:20:00-06:00,0.25
2023-04-07 09:25:00-06:00,0.25
2023-04-07 09:55:00-06:00,0.25
2023-04-07 13:45:00-06:00,1.27
2023-04-07 13:50:00-06:00,0.51
2023-04-07 13:55:00-06:00,0.51
2023-04-07 14:00:00-06:00,0.51
2023-04-07 14:05:00-06:00,0.51
2023-04-07 14:10:00-06:00,0.51
2023-04-07 14:15:00-06:00,0.25
2023-04-07 14:20:00-06:00,0.25
2023-04-07 14:30:00-06:00,1.02
2023-04-07 14:35:00-06:00,0.51
2023-04-07 14:50:00-06:00,0.25
2023-04-07 15:45:00-06:00,0.25
2023-04-07 15:50:00-06:00,0.76
2023-04-07 15:55:00-06:00,0.25
2023-04-07 16:05:00-06:00,0.25
2023-04-07 16:50:00-06:00,0.25
2023-04-15 01:15:00-06:00,0.25
2023-04-15 01:20:00-06:00,0.25
2023-04-15 01:30:00-06:00,0.25
2023-04-15 01:40:00-06:00,0.25
2023-04-15 01:45:00-06:00,0.25
2023-04-15 01:50:00-06:00,0.25
2023-04-15 01:55:00-06:00,0.51
2023-04-15 02:00:00-06:00,0.25
2023-04-19 10:40:00-06:00,0.25
2023-04-20 18:55:00-06:00,0.51
2023-04-20 19:00:00-06:00,0.51
2023-04-20 19:05:00-06:00,0.76
2023-04-20 19:10:00-06:00,0.76
2023-04-20 19:15:00-06:00,1.78
2023-04-20 19:20:00-06:00,1.02
2023-04-20 19:25:00-06:00,0.25
2023-04-20 19:30:00-06:00,0.25
2023-04-20 23:25:00-06:00,1.78
2023-04-20 23:30:00-06:00,1.78
2023-04-20 23:35:00-06:00,1.27
2023-04-20 23:40:00-06:00,2.29
2023-04-20 23:45:00-06:00,0.76
2023-04-21 00:15:00-06:00,0.25
2023-04-21 00:20:00-06:00,1.02
2023-04-21 00:25:00-06:00,0.25
2023-04-21 00:30:00-06:00,0.51
2023-04-21 00:35:00-06:00,0.51
2023-04-21 00:40:00-06:00,1.02
2023-04-21 00:45:00-06:00,1.02
2023-04-21 00:50:00-06:00,0.76
2023-04-21 00:55:00-06:00,0.25
2023-04-21 01:00:00-06:00,1.02
2023-04-21 01:05:00-06:00,0.51
2023-04-23 05:15:00-06:00,0.25
2023-04-23 05:30:00-06:00,0.25
2023-04-23 05:55:00-06:00,0.25
2023-04-23 06:05:00-06:00,0.25
2023-04-23 06:15:00-06:00,0.25
2023-04-23 06:25:00-06:00,0.51
2023-04-23 06:30:00-06:00,0.25
2023-04-23 06:45:00-06:00,0.25
2023-04-23 07:25:00-06:00,0.25
2023-04-23 07:40:00-06:00,0.25
2023-04-25 13:30:00-06:00,0.25
2023-04-25 20:25:00-06:00,0.25
2023-04-25 20:35:00-06:00,0.25
2023-04-26 18:10:00-06:00,0.25
2023-04-27 01:35:00-06:00,0.25
2023-04-27 02:00:00-06:00,0.25
2023-04-27 02:15:00-06:00,0.25
2023-04-27 02:25:00-06:00,0.25
2023-04-27 02:45:00-06:00,0.25
2023-04-28 18:25:00-06:00,1.27
2023-04-28 18:30:00-06:00,3.81
2023-04-28 18:35:00-06:00,1.02
2023-04-28 18:40:00-06:00,0.25
2023-04-28 18:45:00-06:00,0.51
2023-04-28 18:50:00-06:00,0.76
2023-04-28 18:55:00-06:00,0.25
2023-04-28 19:00:00-06:00,0.25
2023-04-28 19:05:00-06:00,0.25
2023-04-28 19:15:00-06:00,0.25
2023-05-07 09:10:00-06:00,0.25
2023-05-07 09:25:00-06:00,0.25
2023-05-07 09:50:00-06:00,0.25
2023-05-07 12:40:00-06:00,0.25
2023-05-07 12:50:00-06:00,0.25
2023-05-09 03:10:00-06:00,0.25
2023-05-09 10:45:00-06:00,0.25
2023-05-09 11:05:00-06:00,0.25
2023-05-09 11:20:00-06:00,0.25
2023-05-09 11:35:00-06:00,0.25
2023-05-09 12:50:00-06:00,0.25
2023-05-09 13:20:00-06:00,0.25
2023-05-09 15:10:00-06:00,0.25
2023-05-09 15:20:00-06:00,0.25
2023-05-09 15:25:00-06:00,0.25
2023-05-09 15:40:00-06:00,0.25
2023-05-09 16:25:00-06:00,0.25
2023-05-09 16:40:00-06:00,0.25
2023-05-09 16:45:00-06:00,0.25
2023-05-09 16:50:00-06:00,0.25
2023-05-09 17:00:00-06:00,0.25
2023-05-09 17:05:00-06:00,0.25
2023-05-09 17:15:00-06:00,0.51
2023-05-09 17:20:00-06:00,0.25
2023-05-09 17:25:00-06:00,0.25
2023-05-09 17:40:00-06:00,0.25
2023-05-09 17:45:00-06:00,0.25
2023-05-09 17:55:00-06:00,0.25
2023-05-09 18:00:00-06:00,0.25
2023-05-09 18:05:00-06:00,0.25
2023-05-09 18:10:00-06:00,0.51
2023-05-09 18:15:00-06:00,0.25
2023-05-09 18:20:00-06:00,0.51
2023-05-09 18:25:00-06:00,0.25
2023-05-09 18:30:00-06:00,0.25
2023-05-10 01:45:00-06:00,0.25
2023-05-13 01:10:00-06:00,2.29
2023-05-13 01:15:00-06:00,4.83
2023-05-13 01:20:00-06:00,8.38
2023-05-13 01:25:00-06:00,11.94
2023-05-13 01:30:00-06:00,10.41
2023-05-13 01:35:00-06:00,8.13
2023-05-13 01:40:00-06:00,4.06
2023-05-13 01:45:00-06:00,3.81
2023-05-13 01:50:00-06:00,3.56
2023-05-13 01:55:00-06:00,4.32
2023-05-13 02:00:00-06:00,6.6
2023-05-13 02:05:00-06:00,3.56
2023-05-13 02:10:00-06:00,1.78
2023-05-13 02:15:00-06:00,1.78
2023-05-13 02:20:00-06:00,1.02
2023-05-13 02:25:00-06:00,1.02
2023-05-13 02:30:00-06:00,1.27
2023-05-13 02:35:00-06:00,1.02
2023-05-13 02:40:00-06:00,0.76
2023-05-13 02:45:00-06:00,0.25
2023-05-13 02:55:00-06:00,0.25
2023-05-13 03:00:00-06:00,0.25
2023-05-13 03:15:00-06:00,0.25
2023-05-13 04:00:00-06:00,0.25
2023-05-13 05:05:00-06:00,0.25
2023-05-13 06:20:00-06:00,0.25
2023-05-13 06:45:00-06:00,0.25
2023-05-13 06:50:00-06:00,0.76
2023-05-13 06:55:00-06:00,0.25
2023-05-13 10:10:00-06:00,0.25
2023-06-12 15:50:00-06:00,5.08
2023-06-13 19:20:00-06:00,0.25
2023-06-15 11:40:00-06:00,1.02
2023-06-21 19:15:00-06:00,0.25
2023-06-21 19:20:00-06:00,0.25
2023-06-21 19:35:00-06:00,0.76
2023-06-21 19:40:00-06:00,4.06
2023-06-21 19:45:00-06:00,4.06
2023-06-21 19:55:00-06:00,0.25
2023-06-21 20:45:00-06:00,0.25
2023-06-22 04:10:00-06:00,0.25
2023-06-22 05:45:00-06:00,0.25
2023-07-14 09:45:00-06:00,0.25
2023-08-03 10:35:00-06:00,0.25
2023-08-03 10:45:00-06:00,0.51
2023-08-03 10:50:00-06:00,0.25
2023-08-06 16:05:00-06:00,0.25
2023-08-07 13:55:00-06:00,0.25
2023-08-07 16:00:00-06:00,0.25
2023-08-07 16:45:00-06:00,0.25
2023-08-07 18:55:00-06:00,0.25
2023-08-08 03:10:00-06:00,0.25
2023-08-08 03:25:00-06:00,0.25
2023-08-08 05:55:00-06:00,0.25
2023-08-08 11:05:00-06:00,0.25
2023-08-08 11:40:00-06:00,0.25
2023-08-08 12:20:00-06:00,0.51
2023-08-08 13:35:00-06:00,0.25
2023-08-08 13:50:00-06:00,0.25
2023-08-08 14:10:00-06:00,0.25
2023-08-08 15:00:00-06:00,0.25
2023-08-08 18:55:00-06:00,0.25
2023-08-08 19:20:00-06:00,0.25
2023-08-08 19:25:00-06:00,0.25
2023-08-08 19:30:00-06:00,0.25
2023-08-08 19:35:00-06:00,0.51
2023-08-08 19:45:00-06:00,0.25
2023-08-08 20:00:00-06:00,0.25
2023-08-09 00:25:00-06:00,0.25
2023-08-09 00:45:00-06:00,0.25
2023-08-09 05:05:00-06:00,0.25
2023-08-09 10:50:00-06:00,0.25
2023-08-09 12:00:00-06:00,0.25
2023-08-09 12:35:00-06:00,0.25
2023-08-09 12:50:00-06:00,0.25
2023-08-09 13:50:00-06:00,0.25
2023-08-09 14:20:00-06:00,0.25
2023-08-09 14:25:00-06:00,0.25
2023-08-09 14:30:00-06:00,0.25
2023-08-09 23:10:00-06:00,0.25
2023-08-10 03:15:00-06:00,0.25
2023-08-10 03:35:00-06:00,0.25
2023-08-10 03:55:00-06:00,0.25
2023-08-10 04:20:00-06:00,0.25
2023-08-10 05:15:00-06:00,0.25
2023-08-10 05:20:00-06:00,0.51
2023-08-10 05:25:00-06:00,0.25
2023-08-10 05:30:00-06:00,0.25
2023-08-10 06:10:00-06:00,0.51
2023-08-10 06:40:00-06:00,0.25
2023-08-10 06:45:00-06:00,0.25
2023-08-10 07:00:00-06:00,0.51
2023-08-10 07:10:00-06:00,0.25
2023-08-10 07:30:00-06:00,0.25
2023-08-10 07:45:00-06:00,0.51
2023-08-10 08:05:00-06:00,0.25
2023-08-10 08:45:00-06:00,0.25
2023-08-10 09:05:00-06:00,0.25
2023-08-10 09:15:00-06:00,0.25
2023-08-10 09:20:00-06:00,0.25
2023-08-10 09:35:00-06:00,0.25
2023-08-10 09:40:00-06:00,0.25
2023-08-10 09:55:00-06:00,0.25
2023-08-10 10:10:00-06:00,0.25
2023-08-11 04:15:00-06:00,0.25
2023-08-11 04:50:00-06:00,0.25
2023-08-11 05:40:00-06:00,0.25
2023-08-11 06:45:00-06:00,0.25
2023-08-11 06:50:00-06:00,0.25
2023-08-12 05:20:00-06:00,0.25
2023-08-12 11:10:00-06:00,0.25
2023-08-12 11:30:00-06:00,0.25
2023-08-12 12:35:00-06:00,0.25
2023-08-12 14:35:00-06:00,0.25
2023-08-12 15:05:00-06:00,0.25
2023-08-12 18:15:00-06:00,0.25
2023-08-12 18:40:00-06:00,0.25
2023-08-12 21:55:00-06:00,0.25
2023-08-12 22:35:00-06:00,0.25
2023-08-13 05:50:00-06:00,0.25
2023-08-13 06:40:00-06:00,0.25
2023-08-13 08:15:00-06:00,0.25
2023-08-13 08:55:00-06:00,0.25
2023-08-13 09:15:00-06:00,0.25
2023-08-13 10:40:00-06:00,0.25
2023-08-13 11:30:00-06:00,0.25
2023-08-13 12:45:00-06:00,0.25
2023-08-13 12:50:00-06:00,0.25
2023-08-13 13:00:00-06:00,0.25
2023-08-13 13:15:00-06:00,0.25
2023-08-13 13:30:00-06:00,0.51
2023-08-13 13:35:00-06:00,0.51
2023-08-13 13:40:00-06:00,0.25
2023-08-13 13:50:00-06:00,0.25
2023-08-13 13:55:00-06:00,0.25
2023-08-13 14:00:00-06:00,0.51
2023-08-13 14:20:00-06:00,0.51
2023-08-13 14:40:00-06:00,0.25
2023-08-13 15:00:00-06:00,0.25
2023-08-13 15:05:00-06:00,0.25
2023-08-13 15:45:00-06:00,0.25
2023-08-13 15:55:00-06:00,0.25
2023-08-13 16:05:00-06:00,0.25
2023-08-13 16:15:00-06:00,0.25
2023-08-13 16:25:00-06:00,0.51
2023-08-13 16:40:00-06:00,0.51
2023-08-13 16:50:00-06:00,0.25
2023-08-13 17:15:00-06:00,0.25
2023-08-13 17:55:00-06:00,0.25
2023-08-13 18:25:00-06:00,0.51
2023-08-13 19:05:00-06:00,0.25
2023-08-13 19:15:00-06:00,0.25
2023-08-13 19:30:00-06:00,0.25
2023-08-14 02:00:00-06:00,0.25
2023-08-14 05:25:00-06:00,0.25
2023-08-14 08:00:00-06:00,0.25
2023-08-14 08:30:00-06:00,0.25
2023-08-14 08:55:00-06:00,0.25
2023-08-14 09:00:00-06:00,0.25
2023-08-14 09:15:00-06:00,0.25
2023-08-14 09:25:00-06:00,0.25
2023-08-14 10:35:00-06:00,0.25
2023-08-14 10:45:00-06:00,0.25
2023-08-14 11:30:00-06:00,0.25
2023-08-14 11:50:00-06:00,0.25
2023-08-14 12:45:00-06:00,0.51
2023-08-14 14:25:00-06:00,0.25
2023-08-14 14:45:00-06:00,0.25
2023-08-14 15:05:00-06:00,0.25
2023-08-14 15:25:00-06:00,0.25
2023-08-14 15:35:00-06:00,0.25
2023-08-14 16:55:00-06:00,0.51
2023-08-14 17:25:00-06:00,0.25
2023-08-14 17:30:00-06:00,0.25
2023-08-14 18:05:00-06:00,0.25
2023-08-14 18:30:00-06:00,0.25
2023-08-14 18:45:00-06:00,0.25
2023-08-14 19:25:00-06:00,0.76
2023-08-14 19:40:00-06:00,0.25
2023-08-14 19:50:00-06:00,0.25
2023-08-14 20:35:00-06:00,0.51
2023-08-14 21:15:00-06:00,0.25
2023-08-14 21:20:00-06:00,0.25
2023-08-14 21:35:00-06:00,0.25
2023-08-14 21:45:00-06:00,0.25
2023-08-14 22:00:00-06:00,0.25
2023-08-14 22:15:00-06:00,0.25
2023-08-14 23:00:00-06:00,0.25
2023-08-14 23:15:00-06:00,0.25
2023-08-14 23:20:00-06:00,0.25
2023-08-14 23:35:00-06:00,0.51
2023-08-14 23:45:00-06:00,0.25
2023-08-15 00:00:00-06:00,0.51
2023-08-15 01:10:00-06:00,0.25
2023-08-15 02:15:00-06:00,0.25
2023-08-15 02:40:00-06:00,0.25
2023-08-15 03:25:00-06:00,0.25
2023-08-15 04:00:00-06:00,0.51
2023-08-15 04:20:00-06:00,0.25
2023-08-15 04:45:00-06:00,0.25
2023-08-15 04:50:00-06:00,0.51
2023-08-15 05:30:00-06:00,1.02
2023-08-15 06:05:00-06:00,0.25
2023-08-15 10:30:00-06:00,1.78
2023-08-15 15:30:00-06:00,1.52
2023-08-15 15:40:00-06:00,0.25
2023-08-15 15:55:00-06:00,0.25
2023-08-15 16:15:00-06:00,0.25
2023-08-15 16:30:00-06:00,0.25
2023-08-15 16:50:00-06:00,0.25
2023-08-15 17:05:00-06:00,0.25
2023-08-15 17:15:00-06:00,1.02
2023-08-15 18:15:00-06:00,0.25
2023-08-15 19:00:00-06:00,1.78
2023-08-15 19:20:00-06:00,0.25
2023-08-15 20:30:00-06:00,0.25
2023-08-15 20:45:00-06:00,1.52
2023-08-15 22:10:00-06:00,0.25
2023-08-15 22:30:00-06:00,2.54
2023-08-15 23:05:00-06:00,0.25
2023-08-15 23:35:00-06:00,0.25
2023-08-15 23:55:00-06:00,0.25
2023-08-16 00:15:00-06:00,1.78
2023-08-16 00:30:00-06:00,0.25
2023-08-16 00:45:00-06:00,0.25
2023-08-16 01:00:00-06:00,0.25
2023-08-16 01:55:00-06:00,0.25
2023-08-16 02:00:00-06:00,1.27
2023-08-16 03:00:00-06:00,0.25
2023-08-16 04:15:00-06:00,0.25
2023-08-16 09:05:00-06:00,2.29
2023-08-16 09:15:00-06:00,0.25
2023-08-16 09:20:00-06:00,2.79
2023-08-16 09:45:00-06:00,0.51
2023-08-16 10:50:00-06:00,0.51
2023-08-16 11:00:00-06:00,0.25
2023-08-17 09:00:00-06:00,0.25
2023-08-17 11:50:00-06:00,0.25
2023-08-21 08:05:00-06:00,0.51
2023-08-21 10:40:00-06:00,0.25
2023-08-21 10:45:00-06:00,2.03
2023-08-21 11:05:00-06:00,2.03
2023-08-22 13:55:00-06:00,0.51
2023-08-22 14:10:00-06:00,0.25
2023-08-22 15:20:00-06:00,0.51
2023-08-22 15:25:00-06:00,3.56
2023-08-22 15:30:00-06:00,0.51
2023-08-22 15:35:00-06:00,0.51
2023-08-22 15:50:00-06:00,0.25
2023-08-22 16:45:00-06:00,0.25
2023-08-22 17:30:00-06:00,0.25
2023-08-22 18:35:00-06:00,0.25
2023-08-23 03:45:00-06:00,0.25
2023-08-23 19:15:00-06:00,0.25
2023-08-26 15:40:00-06:00,0.51
2023-09-01 10:10:00-06:00,0.25
2023-09-06 01:15:00-06:00,0.25
2023-09-06 11:25:00-06:00,0.51
2023-09-06 11:50:00-06:00,0.25
2023-09-06 12:15:00-06:00,3.81
2023-09-06 12:25:00-06:00,0.25
2023-09-06 12:35:00-06:00,0.51
2023-09-08 05:25:00-06:00,0.25
2023-09-11 16:20:00-06:00,0.25
2023-09-13 10:05:00-06:00,0.25
2023-09-13 11:55:00-06:00,0.25
2023-09-25 09:55:00-06:00,0.25
2023-09-29 13:55:00-06:00,0.25
2023-10-03 08:35:00-06:00,5.59
2023-10-03 08:40:00-06:00,1.27
2023-10-03 09:25:00-06:00,0.76
2023-10-03 10:35:00-06:00,0.51
2023-10-05 05:30:00-06:00,3.56
2023-10-05 05:35:00-06:00,3.81
2023-10-05 05:40:00-06:00,3.05
2023-10-05 05:45:00-06:00,1.78
2023-10-05 05:50:00-06:00,3.05
2023-10-05 05:55:00-06:00,0.25
2023-10-05 06:00:00-06:00,0.25
2023-10-05 06:25:00-06:00,0.25
2023-10-05 06:40:00-06:00,0.25
2023-10-05 06:45:00-06:00,0.25
2023-10-05 06:50:00-06:00,0.51
2023-10-05 06:55:00-06:00,0.76
2023-10-05 07:00:00-06:00,1.02
2023-10-05 07:05:00-06:00,0.51
2023-10-05 07:10:00-06:00,0.51
2023-10-05 07:20:00-06:00,0.25
2023-10-05 07:55:00-06:00,0.51
2023-10-05 08:00:00-06:00,0.76
2023-10-05 08:05:00-06:00,0.25
2023-10-05 08:10:00-06:00,0.51
2023-10-05 08:15:00-06:00,0.76
2023-10-05 08:25:00-06:00,0.25
2023-10-05 09:05:00-06:00,0.25
2023-10-05 09:10:00-06:00,0.25
2023-10-05 09:25:00-06:00,0.25
2023-10-05 09:35:00-06:00,0.25
2023-10-05 09:45:00-06:00,0.25
2023-10-05 09:55:00-06:00,0.25
2023-10-05 10:00:00-06:00,0.25
2023-10-05 10:05:00-06:00,0.25
2023-10-05 10:10:00-06:00,0.25
2023-10-05 10:15:00-06:00,0.25
2023-10-05 10:25:00-06:00,0.25
2023-10-05 10:35:00-06:00,0.25
2023-10-05 10:50:00-06:00,0.25
2023-10-05 13:35:00-06:00,0.25
2023-10-06 17:30:00-06:00,0.25
2023-10-10 16:30:00-06:00,0.25
2023-10-10 16:40:00-06:00,0.25
2023-10-10 16:45:00-06:00,0.25
2023-10-11 06:45:00-06:00,0.25
2023-10-11 07:00:00-06:00,0.25
2023-10-11 08:55:00-06:00,0.25
2023-10-11 11:55:00-06:00,0.25
2023-10-24 10:20:00-06:00,0.25
2023-10-24 10:25:00-06:00,0.25
2023-10-24 10:40:00-06:00,0.25
2023-10-24 13:20:00-06:00,0.25
2023-10-24 13:25:00-06:00,2.54
2023-10-24 13:30:00-06:00,0.51
2023-10-24 13:35:00-06:00,1.02
2023-10-24 13:40:00-06:00,0.25
2023-10-24 13:55:00-06:00,0.25
2023-10-24 14:25:00-06:00,0.25
2023-10-24 14:30:00-06:00,0.51
2023-10-24 14:35:00-06:00,0.25
2023-10-25 06:00:00-06:00,0.25
2023-10-25 18:45:00-06:00,0.25
2023-10-26 03:15:00-06:00,0.25
2023-10-26 04:00:00-06:00,0.25
2023-10-26 08:10:00-06:00,0.25
2023-10-26 08:15:00-06:00,0.25
2023-10-26 08:45:00-06:00,1.78
2023-10-26 08:50:00-06:00,2.03
2023-10-26 09:00:00-06:00,0.25
2023-10-26 09:05:00-06:00,0.25
2023-10-26 09:10:00-06:00,0.51
2023-10-26 09:20:00-06:00,0.51
2023-10-26 09:25:00-06:00,1.02
2023-10-26 09:30:00-06:00,1.52
2023-10-26 09:35:00-06:00,1.52
2023-10-26 09:40:00-06:00,1.27
2023-10-26 09:45:00-06:00,0.25
2023-10-26 09:55:00-06:00,0.25
2023-10-26 10:15:00-06:00,0.51
2023-10-26 10:20:00-06:00,0.51
2023-10-26 10:25:00-06:00,1.02
2023-10-26 10:30:00-06:00,0.76
2023-10-26 10:35:00-06:00,0.25
2023-10-26 11:10:00-06:00,0.51
2023-10-26 11:15:00-06:00,0.51
2023-10-26 11:20:00-06:00,0.25
2023-10-26 11:25:00-06:00,0.25
2023-10-26 11:55:00-06:00,0.76
2023-10-26 13:50:00-06:00,0.25
2023-10-26 16:05:00-06:00,0.25
2023-10-26 16:10:00-06:00,0.25
2023-10-27 03:00:00-06:00,1.78
2023-10-27 03:05:00-06:00,1.27
2023-10-27 03:10:00-06:00,0.25
2023-10-27 13:15:00-06:00,0.51
2023-10-27 13:20:00-06:00,0.25
2023-10-27 14:20:00-06:00,0.51
2023-10-27 14:25:00-06:00,0.51
2023-10-27 16:15:00-06:00,0.25
2023-10-28 09:25:00-06:00,0.25
2023-10-28 09:30:00-06:00,0.25
2023-10-28 09:35:00-06:00,0.25
2023-10-29 23:20:00-06:00,0.51
2023-10-29 23:25:00-06:00,0.25
2023-10-29 23:35:00-06:00,0.25
2023-10-29 23:50:00-06:00,0.25
2023-10-30 00:10:00-06:00,0.25
2023-10-30 00:55:00-06:00,0.25
2023-10-30 01:30:00-06:00,0.25
2023-10-30 01:35:00-06:00,0.25
2023-10-30 01:40:00-06:00,1.02
2023-10-30 01:45:00-06:00,0.25
2023-10-30 01:50:00-06:00,0.76
2023-10-30 01:55:00-06:00,0.51
2023-10-30 02:00:00-06:00,0.51
2023-10-30 02:05:00-06:00,0.51
2023-10-30 02:10:00-06:00,0.51
2023-10-30 02:15:00-06:00,0.51
2023-10-30 02:20:00-06:00,0.51
2023-10-30 02:25:00-06:00,0.25
2023-10-30 02:30:00-06:00,0.51
2023-10-30 02:35:00-06:00,0.76
2023-10-30 02:40:00-06:00,0.25
2023-10-30 02:45:00-06:00,0.25
2023-10-30 03:05:00-06:00,0.25
2023-10-30 13:30:00-06:00,0.25
2023-10-30 14:30:00-06:00,0.25
2023-11-09 12:10:00-06:00,2.54
2023-11-09 12:15:00-06:00,2.54
2023-11-09 12:20:00-06:00,2.79
2023-11-09 13:00:00-06:00,5.08
2023-11-09 13:05:00-06:00,0.25
2023-11-09 13:10:00-06:00,9.65
2023-11-09 13:15:00-06:00,0.76
2023-11-09 13:20:00-06:00,0.51
2023-11-09 14:00:00-06:00,0.25
2023-11-09 16:30:00-06:00,0.25
2023-11-09 17:40:00-06:00,0.25
2023-11-09 18:15:00-06:00,0.25
2023-11-09 18:45:00-06:00,0.25
2023-11-09 19:15:00-06:00,0.25
2023-11-09 19:30:00-06:00,0.25
2023-11-09 19:40:00-06:00,0.25
2023-11-09 19:45:00-06:00,0.25
2023-11-09 20:10:00-06:00,0.25
2023-11-09 20:20:00-06:00,0.25
2023-11-09 20:50:00-06:00,0.25
2023-11-09 21:40:00-06:00,0.25
2023-11-09 22:25:00-06:00,0.25
2023-11-09 22:30:00-06:00,0.25
2023-11-09 22:35:00-06:00,0.51
2023-11-09 22:40:00-06:00,0.51
2023-11-09 22:45:00-06:00,0.25
2023-11-09 22:50:00-06:00,0.51
2023-11-09 22:55:00-06:00,0.51
2023-11-09 23:00:00-06:00,0.76
2023-11-09 23:05:00-06:00,0.25
2023-11-09 23:10:00-06:00,0.25
2023-11-09 23:20:00-06:00,0.51
2023-11-09 23:25:00-06:00,0.76
2023-11-09 23:30:00-06:00,0.51
2023-11-09 23:40:00-06:00,0.25
2023-11-09 23:50:00-06:00,0.25
2023-11-09 23:55:00-06:00,2.29
2023-11-10 00:00:00-06:00,1.27
2023-11-10 00:05:00-06:00,1.52
2023-11-10 00:10:00-06:00,0.76
2023-11-10 00:15:00-06:00,0.51
2023-11-10 00:20:00-06:00,0.51
2023-11-10 00:30:00-06:00,0.25
2023-11-10 00:40:00-06:00,0.25
2023-11-10 01:30:00-06:00,0.25
2023-11-10 01:45:00-06:00,0.25
2023-11-10 01:50:00-06:00,0.25
2023-11-10 02:10:00-06:00,0.25
2023-11-10 02:45:00-06:00,0.25
2023-11-10 03:05:00-06:00,0.25
2023-11-10 08:35:00-06:00,0.25
2023-11-10 10:10:00-06:00,0.25
2023-11-11 19:40:00-06:00,0.25
2023-11-11 19:50:00-06:00,0.25
2023-11-11 20:15:00-06:00,0.25
2023-11-12 00:10:00-06:00,0.25
2023-11-12 01:55:00-06:00,0.25
2023-11-12 02:30:00-06:00,0.25
2023-11-12 02:35:00-06:00,0.25
2023-11-12 02:40:00-06:00,0.25
2023-11-12 02:45:00-06:00,0.25
2023-11-12 02:55:00-06:00,0.25
2023-11-12 03:20:00-06:00,0.25
2023-11-12 05:30:00-06:00,0.25
2023-11-12 05:45:00-06:00,0.25
2023-11-12 06:35:00-06:00,0.25
2023-11-12 07:50:00-06:00,0.25
2023-11-12 07:55:00-06:00,0.25
2023-11-12 08:00:00-06:00,0.25
2023-11-12 08:05:00-06:00,0.76
2023-11-12 08:10:00-06:00,0.51
2023-11-12 08:15:00-06:00,0.25
2023-11-12 08:20:00-06:00,0.25
2023-11-12 08:25:00-06:00,0.25
2023-11-12 09:20:00-06:00,0.25
2023-11-12 10:20:00-06:00,0.25
2023-11-12 11:30:00-06:00,0.25
2023-11-12 12:00:00-06:00,0.25
2023-11-12 12:05:00-06:00,0.25
2023-11-12 12:10:00-06:00,0.25
2023-11-12 12:15:00-06:00,0.25
2023-11-12 12:20:00-06:00,0.51
2023-11-12 12:25:00-06:00,0.25
2023-11-12 12:30:00-06:00,0.25
2023-11-12 12:35:00-06:00,0.25
2023-11-12 12:55:00-06:00,0.25
2023-11-12 16:55:00-06:00,0.25
2023-11-12 17:20:00-06:00,0.25
2023-11-12 17:45:00-06:00,0.25
2023-11-12 18:00:00-06:00,0.25
2023-11-12 18:30:00-06:00,0.25
2023-11-12 19:10:00-06:00,0.25
2023-11-12 19:40:00-06:00,0.25
2023-11-12 20:00:00-06:00,0.25
2023-11-12 20:10:00-06:00,0.25
2023-11-12 20:15:00-06:00,0.25
2023-11-12 20:20:00-06:00,0.25
2023-11-12 20:30:00-06:00,0.25
2023-11-12 20:40:00-06:00,0.25
2023-11-12 20:55:00-06:00,0.25
2023-11-12 21:25:00-06:00,0.25
2023-11-19 11:20:00-06:00,0.25
2023-11-19 12:50:00-06:00,0.25
2023-11-19 13:35:00-06:00,0.25
2023-11-19 14:10:00-06:00,0.25
2023-11-19 14:50:00-06:00,0.25
2023-11-20 11:55:00-06:00,0.25
2023-11-23 09:10:00-06:00,0.25
2023-11-23 09:35:00-06:00,0.25
2023-11-23 09:40:00-06:00,0.25
2023-11-23 09:50:00-06:00,0.25
2023-11-23 09:55:00-06:00,0.25
2023-11-23 10:05:00-06:00,0.25
2023-11-23 10:15:00-06:00,0.25
2023-11-23 10:35:00-06:00,0.25
2023-11-23 10:55:00-06:00,0.25
2023-11-23 11:45:00-06:00,0.25
2023-11-29 21:50:00-06:00,0.25
2023-11-29 22:55:00-06:00,0.25
2023-11-29 23:20:00-06:00,0.25
2023-11-29 23:35:00-06:00,0.25
2023-11-29 23:55:00-06:00,0.25
2023-11-30 00:00:00-06:00,0.25
2023-11-30 00:10:00-06:00,0.25
2023-11-30 00:20:00-06:00,0.25
2023-11-30 00:35:00-06:00,0.25
2023-11-30 00:50:00-06:00,0.25
2023-11-30 01:15:00-06:00,0.25
2023-11-30 01:35:00-06:00,0.25
2023-11-30 01:40:00-06:00,0.51
2023-11-30 01:50:00-06:00,0.25
2023-11-30 02:00:00-06:00,0.25
2023-11-30 02:05:00-06:00,0.25
2023-11-30 02:10:00-06:00,0.25
2023-11-30 02:35:00-06:00,0.25
2023-11-30 02:55:00-06:00,0.25
2023-11-30 03:05:00-06:00,0.25
2023-11-30 03:10:00-06:00,0.25
2023-11-30 03:15:00-06:00,0.25
2023-11-30 03:25:00-06:00,0.25
2023-11-30 03:35:00-06:00,0.25
2023-11-30 03:50:00-06:00,0.25
2023-11-30 04:15:00-06:00,0.25
2023-11-30 04:35:00-06:00,0.25
2023-11-30 04:45:00-06:00,0.25
2023-11-30 05:05:00-06:00,0.25
2023-11-30 05:20:00-06:00,0.25
2023-11-30 05:35:00-06:00,0.25
2023-11-30 05:45:00-06:00,0.25
2023-11-30 06:00:00-06:00,0.25
2023-11-30 06:15:00-06:00,0.25
2023-11-30 06:35:00-06:00,0.25
2023-11-30 07:20:00-06:00,0.25
2023-11-30 07:50:00-06:00,0.25
2023-11-30 08:10:00-06:00,0.25
2023-11-30 08:40:00-06:00,0.25
2023-11-30 09:15:00-06:00,0.25
2023-11-30 10:20:00-06:00,0.25
2023-11-30 10:40:00-06:00,0.25
2023-11-30 11:40:00-06:00,0.25
2023-12-04 13:40:00-06:00,0.25
2023-12-09 05:55:00-06:00,0.25
2023-12-09 08:20:00-06:00,0.25
2023-12-09 09:00:00-06:00,0.25
2023-12-12 23:30:00-06:00,0.25
2023-12-13 00:20:00-06:00,0.25
2023-12-13 08:00:00-06:00,0.25
2023-12-13 08:25:00-06:00,0.25
2023-12-13 08:55:00-06:00,0.25
2023-12-13 09:00:00-06:00,0.25
2023-12-13 09:25:00-06:00,0.25
2023-12-13 09:40:00-06:00,0.25
2023-12-13 09:50:00-06:00,0.25
2023-12-13 10:20:00-06:00,0.25
2023-12-13 10:30:00-06:00,0.25
2023-12-13 10:55:00-06:00,0.25
2023-12-13 11:25:00-06:00,0.25
2023-12-13 11:30:00-06:00,0.25
2023-12-13 12:40:00-06:00,0.25
2023-12-13 21:45:00-06:00,0.25
2023-12-15 09:10:00-06:00,0.25
2023-12-15 15:10:00-06:00,0.25
2023-12-15 15:20:00-06:00,0.25
2023-12-15 15:25:00-06:00,0.51
2023-12-15 15:30:00-06:00,0.76
2023-12-15 15:35:00-06:00,0.25
2023-12-15 15:40:00-06:00,0.25
2023-12-15 15:50:00-06:00,0.25
2023-12-15 15:55:00-06:00,0.25
2023-12-15 16:10:00-06:00,0.51
2023-12-15 16:15:00-06:00,0.76
2023-12-15 16:20:00-06:00,0.76
2023-12-15 16:25:00-06:00,0.25
2023-12-15 16:35:00-06:00,0.25
2023-12-15 16:40:00-06:00,0.25
2023-12-15 16:50:00-06:00,0.76
2023-12-15 16:55:00-06:00,0.51
2023-12-15 17:00:00-06:00,0.25
2023-12-15 17:05:00-06:00,0.51
2023-12-15 17:15:00-06:00,0.25
2023-12-15 17:20:00-06:00,0.25
2023-12-15 17:25:00-06:00,0.25
2023-12-15 17:55:00-06:00,0.25
2023-12-23 04:55:00-06:00,0.51
2023-12-23 05:00:00-06:00,0.25
2023-12-23 05:05:00-06:00,0.25
2023-12-23 05:30:00-06:00,0.25
2023-12-23 08:05:00-06:00,0.25
2023-12-23 13:45:00-06:00,0.25
2023-12-23 16:40:00-06:00,0.25
2023-12-23 23:15:00-06:00,0.51
2023-12-23 23:20:00-06:00,0.76
2023-12-23 23:25:00-06:00,0.25
2023-12-23 23:50:00-06:00,0.25
2023-12-23 23:55:00-06:00,0.25
2023-12-24 00:00:00-06:00,0.25
2023-12-24 00:05:00-06:00,0.51
2023-12-24 00:10:00-06:00,0.25
2023-12-24 00:20:00-06:00,0.25
2023-12-24 00:25:00-06:00,0.25
2023-12-24 03:10:00-06:00,0.25
2023-12-24 03:15:00-06:00,0.51
2023-12-24 03:20:00-06:00,0.25
2023-12-24 05:10:00-06:00,0.25
2023-12-24 06:15:00-06:00,2.29
2023-12-24 06:20:00-06:00,2.54
2023-12-24 06:25:00-06:00,1.78
2023-12-24 06:30:00-06:00,0.76
2023-12-24 06:35:00-06:00,0.25
2023-12-24 06:40:00-06:00,0.51
2023-12-24 06:45:00-06:00,0.25
2023-12-24 06:50:00-06:00,0.76
2023-12-24 06:55:00-06:00,0.51
2023-12-24 07:00:00-06:00,0.25
2023-12-24 07:05:00-06:00,0.25
2023-12-24 07:10:00-06:00,0.25
2023-12-24 07:15:00-06:00,0.51
2023-12-24 07:20:00-06:00,0.51
2023-12-24 10:35:00-06:00,0.25
2024-01-02 10:20:00-06:00,0.25
2024-01-02 13:20:00-06:00,0.25
2024-01-02 13:25:00-06:00,0.25
2024-01-02 13:30:00-06:00,0.25
2024-01-02 13:55:00-06:00,0.25
2024-01-02 14:10:00-06:00,0.25
2024-01-02 14:15:00-06:00,0.51
2024-01-02 14:20:00-06:00,1.02
2024-01-02 14:25:00-06:00,0.25
2024-01-02 14:45:00-06:00,0.25
2024-01-02 14:50:00-06:00,2.79
2024-01-02 14:55:00-06:00,0.76
2024-01-02 15:45:00-06:00,0.25
2024-01-02 16:25:00-06:00,0.25
2024-01-02 16:45:00-06:00,0.25
2024-01-02 16:50:00-06:00,1.02
2024-01-02 16:55:00-06:00,0.25
2024-01-02 17:00:00-06:00,0.25
2024-01-02 17:15:00-06:00,0.25
2024-01-02 17:20:00-06:00,1.78
2024-01-02 17:25:00-06:00,1.78
2024-01-02 17:30:00-06:00,0.51
2024-01-02 17:35:00-06:00,0.25
2024-01-02 17:45:00-06:00,2.29
2024-01-02 17:50:00-06:00,1.78
2024-01-02 17:55:00-06:00,0.76
2024-01-02 18:00:00-06:00,0.51
2024-01-02 18:05:00-06:00,0.25
2024-01-02 18:10:00-06:00,0.51
2024-01-02 18:15:00-06:00,0.51
2024-01-02 18:20:00-06:00,0.76
2024-01-02 18:25:00-06:00,0.76
2024-01-02 18:30:00-06:00,0.51
2024-01-02 18:40:00-06:00,0.25
2024-01-02 18:45:00-06:00,1.02
2024-01-02 18:50:00-06:00,1.78
2024-01-02 18:55:00-06:00,0.51
2024-01-02 19:00:00-06:00,0.25
2024-01-02 19:10:00-06:00,0.25
2024-01-02 19:15:00-06:00,0.25
2024-01-02 19:25:00-06:00,0.25
2024-01-02 19:35:00-06:00,0.25
2024-01-02 19:40:00-06:00,0.25
2024-01-02 20:55:00-06:00,0.25
2024-01-02 21:10:00-06:00,0.25
2024-01-02 21:45:00-06:00,0.25
2024-01-04 19:20:00-06:00,0.25
2024-01-04 19:30:00-06:00,0.25
2024-01-04 20:45:00-06:00,0.25
2024-01-04 22:55:00-06:00,0.25
2024-01-04 23:00:00-06:00,0.25
2024-01-04 23:20:00-06:00,0.51
2024-01-04 23:25:00-06:00,0.25
2024-01-04 23:30:00-06:00,0.25
2024-01-04 23:35:00-06:00,0.25
2024-01-04 23:50:00-06:00,0.25
2024-01-05 00:10:00-06:00,0.25
2024-01-05 00:20:00-06:00,0.25
2024-01-05 01:15:00-06:00,0.25
2024-01-08 00:00:00-06:00,0.51
2024-01-08 00:05:00-06:00,0.25
2024-01-08 00:15:00-06:00,0.25
2024-01-08 00:20:00-06:00,0.25
2024-01-08 00:30:00-06:00,0.25
2024-01-08 00:35:00-06:00,0.25
2024-01-08 00:45:00-06:00,0.25
2024-01-08 00:55:00-06:00,0.25
2024-01-08 01:05:00-06:00,0.25
2024-01-08 01:10:00-06:00,0.25
2024-01-08 01:25:00-06:00,0.25
2024-01-08 01:30:00-06:00,0.25
2024-01-08 01:35:00-06:00,0.25
2024-01-08 01:45:00-06:00,0.25
2024-01-08 01:55:00-06:00,0.25
2024-01-08 02:05:00-06:00,0.25
2024-01-08 02:25:00-06:00,0.25
2024-01-08 02:35:00-06:00,0.25
2024-01-08 02:55:00-06:00,0.25
2024-01-08 03:10:00-06:00,0.25
2024-01-08 03:25:00-06:00,0.25
2024-01-08 03:30:00-06:00,0.25
2024-01-08 03:35:00-06:00,0.25
2024-01-08 03:45:00-06:00,0.25
2024-01-08 03:50:00-06:00,0.25
2024-01-08 04:00:00-06:00,0.25
2024-01-08 04:05:00-06:00,0.51
2024-01-08 04:10:00-06:00,0.51
2024-01-08 04:15:00-06:00,0.76
2024-01-08 04:20:00-06:00,0.25
2024-01-08 04:25:00-06:00,0.25
2024-01-08 04:30:00-06:00,0.51
2024-01-08 04:35:00-06:00,0.25
2024-01-08 04:55:00-06:00,0.25
2024-01-08 05:05:00-06:00,0.25
2024-01-08 05:15:00-06:00,0.25
2024-01-08 05:25:00-06:00,0.25
2024-01-08 05:50:00-06:00,0.25
2024-01-08 06:00:00-06:00,0.25
2024-01-08 06:05:00-06:00,0.25
2024-01-08 06:15:00-06:00,0.51
2024-01-08 06:20:00-06:00,0.51
2024-01-08 06:25:00-06:00,0.25
2024-01-08 06:30:00-06:00,0.76
2024-01-08 06:35:00-06:00,0.25
2024-01-08 06:40:00-06:00,0.51
2024-01-08 06:45:00-06:00,1.02
2024-01-08 06:50:00-06:00,0.51
2024-01-08 06:55:00-06:00,0.25
2024-01-08 07:00:00-06:00,0.25
2024-01-08 07:05:00-06:00,0.51
2024-01-08 07:10:00-06:00,0.51
2024-01-08 07:20:00-06:00,0.51
2024-01-08 07:25:00-06:00,0.51
2024-01-08 07:30:00-06:00,0.25
2024-01-08 07:35:00-06:00,0.25
2024-01-08 07:40:00-06:00,0.51
2024-01-08 07:45:00-06:00,0.51
2024-01-08 07:55:00-06:00,0.25
2024-01-08 08:20:00-06:00,0.25
2024-01-08 08:30:00-06:00,0.25
2024-01-08 09:00:00-06:00,0.25
2024-01-08 09:25:00-06:00,0.25
2024-01-08 12:35:00-06:00,0.25
2024-01-18 11:10:00-06:00,0.25
2024-01-18 11:35:00-06:00,0.25
2024-01-18 11:55:00-06:00,0.25
2024-01-18 13:50:00-06:00,0.76
2024-01-18 13:55:00-06:00,0.76
2024-01-18 14:00:00-06:00,1.78
2024-01-21 01:05:00-06:00,0.51
2024-01-21 01:25:00-06:00,0.51
2024-01-21 02:00:00-06:00,0.76
2024-01-21 02:05:00-06:00,0.25
2024-01-21 02:10:00-06:00,0.51
2024-01-21 02:25:00-06:00,0.25
2024-01-21 02:30:00-06:00,0.76
2024-01-21 02:40:00-06:00,0.25
2024-01-21 03:05:00-06:00,0.76
2024-01-21 03:10:00-06:00,0.76
2024-01-21 03:15:00-06:00,0.25
2024-01-21 03:20:00-06:00,0.25
2024-01-21 03:30:00-06:00,0.51
2024-01-21 03:40:00-06:00,0.25
2024-01-21 03:55:00-06:00,0.25
2024-01-21 04:00:00-06:00,0.25
2024-01-21 04:05:00-06:00,0.25
2024-01-21 04:20:00-06:00,0.25
2024-01-21 05:00:00-06:00,0.25
2024-01-21 05:05:00-06:00,0.25
2024-01-21 05:10:00-06:00,0.25
2024-01-21 05:40:00-06:00,0.51
2024-01-21 06:30:00-06:00,0.25
2024-01-21 06:35:00-06:00,0.25
2024-01-21 06:40:00-06:00,0.25
2024-01-21 07:45:00-06:00,0.25
2024-01-21 09:25:00-06:00,0.25
2024-01-21 09:30:00-06:00,0.25
2024-01-21 09:35:00-06:00,0.76
2024-01-21 09:55:00-06:00,0.25
2024-01-21 10:00:00-06:00,0.25
2024-01-21 11:45:00-06:00,0.25
2024-01-21 12:00:00-06:00,0.25
2024-01-21 12:05:00-06:00,0.51
2024-01-21 13:45:00-06:00,0.25
2024-01-21 13:50:00-06:00,0.25
2024-01-21 15:05:00-06:00,0.76
2024-01-21 15:10:00-06:00,0.25
2024-01-21 15:20:00-06:00,0.25
2024-01-21 15:30:00-06:00,0.25
2024-01-21 15:35:00-06:00,0.25
2024-01-21 15:50:00-06:00,0.25
2024-01-21 15:55:00-06:00,0.25
2024-01-21 16:10:00-06:00,0.25
2024-01-21 17:10:00-06:00,0.25
2024-01-21 17:35:00-06:00,0.25
2024-01-21 17:45:00-06:00,0.25
2024-01-21 18:20:00-06:00,0.25
2024-01-21 18:25:00-06:00,0.25
2024-01-21 18:30:00-06:00,0.51
2024-01-21 18:50:00-06:00,0.25
2024-01-21 20:45:00-06:00,0.25
2024-01-21 21:05:00-06:00,0.25
2024-01-21 21:10:00-06:00,0.25
2024-01-21 21:35:00-06:00,0.25
2024-01-21 21:50:00-06:00,0.25
2024-01-21 22:00:00-06:00,0.25
2024-01-21 22:25:00-06:00,0.25
2024-01-21 22:30:00-06:00,0.25
2024-01-21 23:15:00-06:00,0.25
2024-01-21 23:20:00-06:00,0.25
2024-01-21 23:25:00-06:00,0.51
2024-01-21 23:30:00-06:00,0.76
2024-01-21 23:35:00-06:00,1.27
2024-01-21 23:40:00-06:00,0.51
2024-01-21 23:45:00-06:00,3.3
2024-01-21 23:50:00-06:00,3.3
2024-01-21 23:55:00-06:00,4.32
2024-01-22 00:00:00-06:00,3.05
2024-01-22 00:05:00-06:00,2.29
2024-01-22 00:10:00-06:00,1.27
2024-01-22 00:15:00-06:00,1.27
2024-01-22 00:20:00-06:00,1.78
2024-01-22 00:25:00-06:00,2.54
2024-01-22 00:30:00-06:00,4.57
2024-01-22 00:35:00-06:00,2.03
2024-01-22 00:40:00-06:00,2.54
2024-01-22 00:45:00-06:00,2.29
2024-01-22 00:50:00-06:00,3.05
2024-01-22 00:55:00-06:00,3.05
2024-01-22 01:00:00-06:00,1.52
2024-01-22 01:05:00-06:00,0.76
2024-01-22 01:10:00-06:00,1.02
2024-01-22 01:15:00-06:00,2.03
2024-01-22 01:20:00-06:00,2.03
2024-01-22 01:25:00-06:00,1.78
2024-01-22 01:30:00-06:00,0.76
2024-01-22 01:35:00-06:00,0.51
2024-01-22 02:00:00-06:00,0.25
2024-01-22 02:15:00-06:00,0.25
2024-01-22 02:25:00-06:00,0.25
2024-01-22 02:30:00-06:00,0.25
2024-01-22 02:35:00-06:00,0.51
2024-01-22 02:40:00-06:00,0.25
2024-01-22 02:45:00-06:00,0.25
2024-01-22 02:50:00-06:00,0.25
2024-01-22 03:05:00-06:00,0.25
2024-01-22 03:20:00-06:00,0.25
2024-01-22 03:25:00-06:00,1.02
2024-01-22 03:30:00-06:00,1.52
2024-01-22 03:35:00-06:00,0.76
2024-01-22 03:40:00-06:00,0.51
2024-01-22 03:45:00-06:00,0.51
2024-01-22 03:50:00-06:00,0.25
2024-01-22 03:55:00-06:00,0.25
2024-01-22 04:00:00-06:00,0.76
2024-01-22 04:05:00-06:00,0.76
2024-01-22 04:10:00-06:00,0.51
2024-01-22 04:15:00-06:00,0.25
2024-01-22 04:30:00-06:00,0.25
2024-01-22 04:40:00-06:00,0.25
2024-01-22 05:00:00-06:00,0.25
2024-01-22 05:15:00-06:00,0.25
2024-01-22 05:20:00-06:00,0.25
2024-01-22 05:30:00-06:00,0.51
2024-01-22 05:45:00-06:00,0.25
2024-01-22 05:50:00-06:00,1.78
2024-01-22 05:55:00-06:00,1.02
2024-01-22 06:00:00-06:00,1.27
2024-01-22 06:05:00-06:00,2.03
2024-01-22 06:10:00-06:00,2.54
2024-01-22 06:15:00-06:00,2.03
2024-01-22 06:20:00-06:00,1.27
2024-01-22 06:25:00-06:00,1.02
2024-01-22 06:30:00-06:00,0.76
2024-01-22 06:35:00-06:00,1.52
2024-01-22 06:40:00-06:00,1.52
2024-01-22 06:45:00-06:00,2.54
2024-01-22 06:50:00-06:00,1.52
2024-01-22 06:55:00-06:00,1.52
2024-01-22 07:00:00-06:00,2.29
2024-01-22 07:05:00-06:00,1.02
2024-01-22 07:10:00-06:00,0.25
2024-01-22 07:15:00-06:00,1.02
2024-01-22 07:20:00-06:00,1.02
2024-01-22 07:25:00-06:00,1.27
2024-01-22 07:30:00-06:00,1.02
2024-01-22 07:35:00-06:00,0.76
2024-01-22 07:40:00-06:00,0.25
2024-01-22 07:45:00-06:00,0.25
2024-01-22 08:15:00-06:00,0.25
2024-01-22 08:20:00-06:00,0.25
2024-01-22 08:45:00-06:00,0.25
2024-01-22 09:00:00-06:00,0.25
2024-01-22 09:05:00-06:00,0.25
2024-01-22 09:15:00-06:00,0.25
2024-01-22 09:25:00-06:00,0.25
2024-01-22 09:55:00-06:00,0.25
2024-01-22 11:20:00-06:00,0.25
2024-01-22 11:35:00-06:00,0.25
2024-01-22 11:40:00-06:00,0.51
2024-01-22 11:50:00-06:00,0.25
2024-01-22 11:55:00-06:00,0.25
2024-01-22 12:00:00-06:00,0.51
2024-01-22 12:05:00-06:00,0.51
2024-01-22 12:10:00-06:00,0.25
2024-01-22 12:15:00-06:00,0.25
2024-01-22 12:20:00-06:00,0.51
2024-01-22 12:30:00-06:00,0.25
2024-01-22 12:40:00-06:00,0.25
2024-01-22 12:45:00-06:00,1.02
2024-01-22 12:55:00-06:00,0.25
2024-01-22 13:00:00-06:00,0.25
2024-01-22 13:10:00-06:00,0.76
2024-01-22 13:30:00-06:00,0.51
2024-01-22 13:40:00-06:00,0.25
2024-01-22 15:05:00-06:00,0.25
2024-01-22 15:35:00-06:00,0.25
2024-01-22 15:40:00-06:00,0.25
2024-01-22 17:25:00-06:00,0.25
2024-01-22 17:30:00-06:00,0.25
2024-01-22 17:40:00-06:00,0.25
2024-01-22 18:40:00-06:00,0.25
2024-01-22 19:15:00-06:00,0.25
2024-01-22 19:50:00-06:00,0.25
2024-01-22 23:45:00-06:00,0.25
2024-01-23 01:30:00-06:00,0.25
2024-01-23 01:35:00-06:00,0.25
2024-01-23 02:15:00-06:00,0.25
2024-01-23 02:50:00-06:00,0.25
2024-01-23 03:15:00-06:00,0.25
2024-01-23 03:25:00-06:00,0.25
2024-01-23 03:45:00-06:00,0.51
2024-01-23 04:05:00-06:00,0.25
2024-01-23 06:45:00-06:00,0.25
2024-01-23 06:50:00-06:00,0.25
2024-01-23 07:35:00-06:00,0.25
2024-01-23 07:40:00-06:00,0.25
2024-01-23 09:10:00-06:00,0.25
2024-01-23 09:50:00-06:00,0.25
2024-01-23 09:55:00-06:00,0.76
2024-01-23 10:05:00-06:00,0.25
2024-01-23 10:30:00-06:00,0.25
2024-01-23 11:40:00-06:00,0.25
2024-01-23 11:55:00-06:00,0.25
2024-01-23 12:10:00-06:00,0.76
2024-01-23 12:25:00-06:00,0.25
2024-01-23 12:40:00-06:00,0.25
2024-01-23 12:55:00-06:00,0.25
2024-01-23 13:10:00-06:00,0.25
2024-01-23 13:30:00-06:00,0.25
2024-01-23 13:40:00-06:00,0.25
2024-01-23 15:20:00-06:00,0.25
2024-01-23 15:35:00-06:00,0.25
2024-01-23 15:50:00-06:00,0.25
2024-01-23 15:55:00-06:00,0.51
2024-01-23 16:00:00-06:00,0.25
2024-01-23 16:05:00-06:00,0.25
2024-01-23 16:10:00-06:00,0.25
2024-01-23 16:15:00-06:00,0.25
2024-01-23 16:30:00-06:00,0.25
2024-01-23 16:45:00-06:00,0.51
2024-01-23 16:50:00-06:00,0.25
2024-01-23 16:55:00-06:00,0.51
2024-01-23 17:10:00-06:00,0.25
2024-01-23 17:30:00-06:00,0.51
2024-01-23 17:35:00-06:00,0.25
2024-01-23 17:45:00-06:00,0.25
2024-01-23 18:55:00-06:00,0.51
2024-01-23 19:00:00-06:00,0.25
2024-01-23 19:10:00-06:00,0.25
2024-01-23 20:20:00-06:00,0.25
2024-01-23 21:35:00-06:00,0.25
2024-01-23 21:50:00-06:00,0.25
2024-01-23 22:00:00-06:00,0.25
2024-01-23 22:10:00-06:00,0.25
2024-01-23 22:15:00-06:00,0.25
2024-01-23 22:20:00-06:00,0.25
2024-01-23 22:25:00-06:00,0.51
2024-01-23 22:30:00-06:00,0.25
2024-01-23 22:35:00-06:00,0.25
2024-01-23 22:45:00-06:00,0.25
2024-01-23 22:55:00-06:00,0.25
2024-01-23 23:00:00-06:00,0.25
2024-01-23 23:05:00-06:00,1.02
2024-01-23 23:15:00-06:00,0.25
2024-01-23 23:20:00-06:00,0.25
2024-01-23 23:25:00-06:00,0.25
2024-01-23 23:35:00-06:00,0.25
2024-01-23 23:45:00-06:00,0.51
2024-01-23 23:55:00-06:00,0.51
2024-01-24 00:00:00-06:00,0.25
2024-01-24 00:20:00-06:00,0.51
2024-01-24 00:25:00-06:00,0.25
2024-01-24 00:30:00-06:00,0.25
2024-01-24 00:50:00-06:00,0.51
2024-01-24 00:55:00-06:00,0.51
2024-01-24 01:00:00-06:00,0.51
2024-01-24 01:05:00-06:00,0.51
2024-01-24 01:10:00-06:00,0.25
2024-01-24 01:15:00-06:00,0.51
2024-01-24 01:20:00-06:00,0.25
2024-01-24 01:25:00-06:00,0.51
2024-01-24 01:30:00-06:00,0.25
2024-01-24 01:35:00-06:00,0.76
2024-01-24 01:40:00-06:00,0.25
2024-01-24 01:45:00-06:00,0.25
2024-01-24 01:55:00-06:00,0.25
2024-01-24 02:00:00-06:00,0.25
2024-01-24 02:05:00-06:00,0.25
2024-01-24 02:10:00-06:00,0.25
2024-01-24 02:15:00-06:00,0.25
2024-01-24 02:20:00-06:00,0.51
2024-01-24 02:25:00-06:00,0.25
2024-01-24 02:30:00-06:00,0.25
2024-01-24 02:35:00-06:00,0.25
2024-01-24 02:40:00-06:00,0.51
2024-01-24 02:45:00-06:00,0.25
2024-01-24 03:00:00-06:00,0.25
2024-01-24 03:05:00-06:00,0.25
2024-01-24 03:10:00-06:00,0.25
2024-01-24 03:15:00-06:00,0.51
2024-01-24 03:20:00-06:00,0.76
2024-01-24 03:25:00-06:00,0.25
2024-01-24 03:30:00-06:00,0.25
2024-01-24 03:35:00-06:00,0.25
2024-01-24 03:40:00-06:00,0.25
2024-01-24 03:45:00-06:00,0.51
2024-01-24 03:55:00-06:00,0.76
2024-01-24 04:00:00-06:00,0.51
2024-01-24 04:05:00-06:00,0.25
2024-01-24 04:25:00-06:00,0.25
2024-01-24 04:30:00-06:00,0.25
2024-01-24 04:45:00-06:00,0.25
2024-01-24 04:55:00-06:00,0.25
2024-01-24 05:05:00-06:00,0.25
2024-01-24 05:10:00-06:00,0.25
2024-01-24 05:15:00-06:00,0.25
2024-01-24 05:25:00-06:00,0.25
2024-01-24 05:40:00-06:00,0.76
2024-01-24 05:45:00-06:00,0.25
2024-01-24 06:05:00-06:00,0.25
2024-01-24 06:10:00-06:00,0.25
2024-01-24 07:20:00-06:00,0.51
2024-01-24 07:25:00-06:00,0.51
2024-01-24 07:40:00-06:00,0.25
2024-01-24 07:45:00-06:00,0.76
2024-01-24 07:50:00-06:00,0.25
2024-01-24 07:55:00-06:00,0.25
2024-01-24 08:00:00-06:00,0.51
2024-01-24 08:30:00-06:00,0.25
2024-01-24 08:35:00-06:00,0.25
2024-01-24 09:05:00-06:00,0.25
2024-01-24 09:15:00-06:00,0.25
2024-01-24 09:30:00-06:00,0.25
2024-01-24 10:05:00-06:00,0.25
2024-01-24 10:10:00-06:00,0.76
2024-01-24 10:20:00-06:00,0.25
2024-01-24 10:25:00-06:00,1.02
2024-01-24 10:30:00-06:00,1.52
2024-01-24 10:35:00-06:00,0.51
2024-01-24 10:40:00-06:00,0.25
2024-01-24 10:50:00-06:00,0.25
2024-01-24 10:55:00-06:00,0.25
2024-01-24 11:05:00-06:00,0.51
2024-01-24 11:10:00-06:00,1.52
2024-01-24 11:15:00-06:00,0.51
2024-01-24 11:25:00-06:00,0.25
2024-01-24 11:40:00-06:00,0.25
2024-01-24 13:00:00-06:00,0.25
2024-01-24 13:40:00-06:00,0.25
2024-01-24 15:50:00-06:00,0.25
2024-01-24 16:10:00-06:00,0.25
2024-01-24 17:30:00-06:00,0.25
2024-01-24 18:30:00-06:00,0.25
2024-01-24 19:10:00-06:00,0.25
2024-01-24 19:15:00-06:00,0.51
2024-01-24 19:20:00-06:00,0.51
2024-01-24 19:25:00-06:00,0.25
2024-01-24 19:35:00-06:00,0.25
2024-01-24 19:55:00-06:00,0.51
2024-01-24 20:00:00-06:00,1.27
2024-01-24 20:05:00-06:00,1.27
2024-01-24 20:10:00-06:00,1.27
2024-01-24 20:15:00-06:00,1.02
2024-01-24 20:20:00-06:00,0.76
2024-01-24 20:25:00-06:00,0.76
2024-01-24 20:30:00-06:00,1.78
2024-01-24 20:35:00-06:00,0.76
2024-01-24 20:40:00-06:00,0.25
2024-01-24 21:05:00-06:00,0.51
2024-01-24 21:10:00-06:00,0.25
2024-01-24 21:15:00-06:00,0.76
2024-01-24 21:20:00-06:00,0.51
2024-01-24 21:25:00-06:00,0.25
2024-01-24 21:30:00-06:00,0.51
2024-01-24 22:35:00-06:00,0.51
2024-01-24 22:40:00-06:00,0.51
2024-01-24 22:50:00-06:00,0.25
2024-01-24 23:00:00-06:00,0.25
2024-01-24 23:05:00-06:00,0.25
2024-01-24 23:10:00-06:00,0.25
2024-01-24 23:15:00-06:00,0.25
2024-01-24 23:20:00-06:00,0.25
2024-01-24 23:25:00-06:00,0.25
2024-01-24 23:30:00-06:00,0.25
2024-01-24 23:35:00-06:00,0.25
2024-01-24 23:40:00-06:00,0.25
2024-01-24 23:45:00-06:00,0.51
2024-01-27 15:35:00-06:00,0.25
2024-01-27 16:05:00-06:00,0.25
2024-01-27 17:55:00-06:00,0.25
2024-01-27 18:20:00-06:00,0.25
2024-01-27 19:00:00-06:00,0.51
2024-01-28 00:00:00-06:00,0.25
2024-01-28 04:00:00-06:00,0.25
2024-01-28 05:00:00-06:00,0.25
2024-01-28 09:05:00-06:00,0.25
2024-01-28 12:15:00-06:00,0.25
2024-01-28 13:05:00-06:00,0.25
2024-01-28 15:35:00-06:00,0.25
2024-01-28 19:10:00-06:00,0.25
2024-01-28 19:25:00-06:00,0.25
2024-01-28 19:45:00-06:00,0.25
2024-01-28 20:50:00-06:00,0.25
2024-01-28 23:50:00-06:00,0.25
2024-01-29 00:10:00-06:00,0.25
2024-01-29 03:05:00-06:00,0.25
2024-01-29 07:00:00-06:00,0.25
2024-01-29 09:05:00-06:00,0.25
2024-01-29 10:50:00-06:00,0.51
2024-01-29 10:55:00-06:00,0.51
2024-01-29 11:00:00-06:00,0.25
2024-01-29 11:05:00-06:00,0.25
2024-01-29 11:10:00-06:00,0.51
2024-01-29 11:15:00-06:00,0.25
2024-01-29 11:20:00-06:00,0.51
2024-01-29 11:25:00-06:00,0.25
2024-01-29 11:30:00-06:00,0.25
2024-01-29 11:35:00-06:00,0.25
2024-01-29 11:45:00-06:00,0.25
2024-01-29 11:50:00-06:00,0.25
2024-01-29 11:55:00-06:00,0.25
2024-01-29 12:10:00-06:00,0.25
2024-01-29 12:15:00-06:00,0.51
2024-01-29 12:25:00-06:00,0.25
2024-01-29 12:30:00-06:00,0.25
2024-01-29 12:35:00-06:00,0.76
2024-01-29 12:40:00-06:00,0.51
2024-01-29 13:20:00-06:00,0.25
2024-01-29 14:10:00-06:00,0.25
2024-01-29 14:15:00-06:00,0.25
2024-01-29 15:35:00-06:00,0.25
2024-01-29 18:05:00-06:00,0.25
2024-01-29 18:15:00-06:00,0.25
2024-01-30 00:00:00-06:00,0.51
2024-01-30 01:00:00-06:00,0.25
2024-01-30 02:50:00-06:00,0.25
2024-01-30 04:00:00-06:00,0.25
2024-01-30 04:05:00-06:00,0.25
2024-01-30 06:00:00-06:00,0.25
2024-01-30 06:05:00-06:00,0.25
2024-01-30 12:10:00-06:00,0.25
2024-01-30 13:20:00-06:00,0.25
2024-01-30 13:25:00-06:00,0.25
2024-01-30 16:15:00-06:00,0.25
2024-01-30 16:20:00-06:00,0.25
2024-01-30 17:25:00-06:00,0.25
2024-01-30 19:10:00-06:00,0.25
2024-01-30 23:20:00-06:00,0.25
2024-01-31 01:15:00-06:00,0.25
2024-01-31 02:00:00-06:00,0.25
2024-01-31 02:40:00-06:00,0.25
2024-01-31 03:10:00-06:00,0.25
2024-01-31 04:20:00-06:00,0.25
2024-01-31 04:35:00-06:00,0.51
2024-01-31 04:50:00-06:00,0.25
2024-01-31 05:00:00-06:00,0.25
2024-01-31 05:10:00-06:00,0.25
2024-01-31 05:25:00-06:00,0.25
2024-01-31 06:05:00-06:00,0.25
2024-01-31 06:20:00-06:00,0.51
2024-01-31 06:35:00-06:00,0.25
2024-01-31 06:40:00-06:00,0.25
2024-01-31 06:45:00-06:00,0.25
2024-01-31 06:55:00-06:00,0.25
2024-01-31 07:05:00-06:00,0.25
2024-01-31 07:10:00-06:00,0.25
2024-01-31 07:20:00-06:00,0.25
2024-01-31 08:00:00-06:00,0.51
2024-01-31 08:05:00-06:00,0.51
2024-01-31 08:10:00-06:00,0.25
2024-01-31 08:15:00-06:00,0.25
2024-01-31 08:35:00-06:00,0.25
2024-01-31 08:40:00-06:00,0.76
2024-01-31 09:10:00-06:00,0.76
2024-01-31 09:55:00-06:00,0.25
2024-01-31 10:25:00-06:00,0.25
2024-01-31 11:35:00-06:00,0.25
2024-01-31 11:55:00-06:00,0.25
2024-01-31 12:00:00-06:00,0.51
2024-01-31 12:15:00-06:00,0.25
2024-01-31 13:15:00-06:00,0.25
2024-01-31 13:20:00-06:00,0.51
2024-01-31 13:25:00-06:00,0.25
2024-01-31 13:40:00-06:00,0.25
2024-01-31 13:45:00-06:00,0.25
2024-01-31 13:55:00-06:00,0.25
2024-01-31 14:00:00-06:00,0.25
2024-01-31 14:05:00-06:00,0.76
2024-01-31 14:10:00-06:00,0.25
2024-01-31 14:20:00-06:00,0.76
2024-01-31 14:25:00-06:00,1.27
2024-01-31 14:40:00-06:00,0.25
2024-01-31 14:45:00-06:00,0.25
2024-01-31 15:20:00-06:00,1.02
2024-01-31 15:25:00-06:00,0.25
2024-01-31 18:15:00-06:00,0.51
2024-01-31 18:30:00-06:00,0.25
2024-01-31 18:35:00-06:00,0.51
2024-01-31 18:40:00-06:00,1.27
2024-01-31 18:45:00-06:00,0.25
2024-01-31 18:50:00-06:00,0.25
2024-01-31 19:05:00-06:00,0.76
2024-01-31 19:10:00-06:00,0.51
2024-01-31 19:15:00-06:00,0.25
2024-01-31 19:45:00-06:00,0.25
2024-01-31 19:50:00-06:00,0.51
2024-01-31 19:55:00-06:00,0.25
2024-01-31 20:05:00-06:00,0.25
2024-01-31 20:20:00-06:00,0.25
2024-01-31 20:25:00-06:00,0.25
2024-01-31 20:30:00-06:00,0.25
2024-01-31 21:10:00-06:00,0.25
2024-01-31 21:30:00-06:00,0.25
2024-01-31 21:35:00-06:00,0.25
2024-01-31 21:45:00-06:00,0.25
2024-01-31 22:10:00-06:00,0.25
2024-01-31 23:35:00-06:00,0.25
2024-01-31 23:50:00-06:00,0.25
2024-01-31 23:55:00-06:00,0.51
2024-02-01 00:05:00-06:00,0.25
2024-02-01 00:30:00-06:00,0.25
2024-02-01 00:35:00-06:00,0.25
2024-02-01 00:50:00-06:00,0.51
2024-02-01 00:55:00-06:00,0.25
2024-02-01 01:00:00-06:00,0.51
2024-02-01 01:20:00-06:00,0.25
2024-02-01 01:25:00-06:00,0.51
2024-02-01 01:30:00-06:00,0.25
2024-02-01 01:35:00-06:00,0.51
2024-02-01 01:40:00-06:00,0.25
2024-02-01 01:45:00-06:00,0.51
2024-02-01 01:55:00-06:00,0.25
2024-02-01 02:20:00-06:00,0.51
2024-02-01 02:25:00-06:00,0.51
2024-02-01 02:35:00-06:00,0.51
2024-02-01 02:40:00-06:00,0.25
2024-02-01 02:45:00-06:00,0.76
2024-02-01 02:50:00-06:00,0.51
2024-02-01 03:05:00-06:00,1.02
2024-02-01 03:10:00-06:00,1.02
2024-02-01 03:15:00-06:00,0.51
2024-02-01 03:25:00-06:00,0.25
2024-02-01 03:35:00-06:00,0.51
2024-02-01 03:40:00-06:00,0.51
2024-02-01 03:45:00-06:00,0.76
2024-02-01 03:55:00-06:00,0.76
2024-02-01 04:00:00-06:00,0.25
2024-02-01 04:15:00-06:00,0.25
2024-02-01 04:25:00-06:00,0.51
2024-02-01 04:30:00-06:00,1.02
2024-02-01 04:45:00-06:00,0.76
2024-02-01 04:50:00-06:00,1.52
2024-02-01 04:55:00-06:00,0.25
2024-02-01 05:00:00-06:00,0.25
2024-02-01 05:05:00-06:00,0.25
2024-02-01 05:15:00-06:00,0.51
2024-02-01 05:20:00-06:00,0.25
2024-02-01 05:25:00-06:00,0.25
2024-02-01 05:30:00-06:00,0.25
2024-02-01 05:35:00-06:00,0.25
2024-02-01 05:50:00-06:00,0.25
2024-02-01 08:30:00-06:00,0.25
2024-02-01 10:10:00-06:00,0.25
2024-02-01 11:10:00-06:00,0.25
2024-02-01 11:35:00-06:00,0.25
2024-02-01 12:10:00-06:00,0.25
2024-02-01 12:35:00-06:00,0.25
2024-02-01 13:00:00-06:00,0.25
2024-02-01 13:25:00-06:00,0.25
2024-02-01 13:40:00-06:00,0.25
2024-02-01 15:40:00-06:00,0.25
2024-02-01 17:55:00-06:00,0.76
2024-02-01 18:05:00-06:00,0.51
2024-02-01 18:55:00-06:00,0.51
2024-02-01 19:00:00-06:00,0.25
2024-02-01 19:15:00-06:00,0.25
2024-02-01 22:15:00-06:00,0.25
2024-02-02 00:00:00-06:00,0.25
2024-02-02 00:55:00-06:00,0.51
2024-02-02 01:35:00-06:00,0.25
2024-02-02 03:05:00-06:00,0.25
2024-02-02 03:40:00-06:00,0.25
2024-02-02 04:15:00-06:00,0.25
2024-02-02 04:20:00-06:00,0.25
2024-02-02 04:30:00-06:00,0.25
2024-02-02 06:00:00-06:00,0.51
2024-02-02 07:05:00-06:00,0.25
2024-02-02 07:45:00-06:00,0.25
2024-02-02 08:25:00-06:00,0.25
2024-02-02 08:55:00-06:00,0.25
2024-02-02 09:20:00-06:00,0.25
2024-02-02 10:45:00-06:00,0.25
2024-02-02 10:50:00-06:00,0.25
2024-02-02 11:05:00-06:00,0.25
2024-02-02 14:35:00-06:00,0.25
2024-02-02 15:15:00-06:00,0.25
2024-02-02 15:25:00-06:00,0.25
2024-02-02 16:05:00-06:00,0.51
2024-02-02 16:10:00-06:00,1.02
2024-02-02 16:15:00-06:00,1.27
2024-02-02 16:20:00-06:00,1.02
2024-02-02 16:25:00-06:00,0.51
2024-02-02 16:35:00-06:00,0.25
2024-02-02 17:00:00-06:00,0.25
2024-02-02 17:40:00-06:00,0.25
2024-02-02 18:00:00-06:00,0.25
2024-02-02 18:35:00-06:00,0.25
2024-02-02 18:45:00-06:00,0.25
2024-02-02 19:25:00-06:00,0.25
2024-02-02 19:30:00-06:00,1.78
2024-02-02 19:35:00-06:00,0.76
2024-02-02 19:40:00-06:00,0.25
2024-02-02 19:45:00-06:00,0.25
2024-02-02 20:25:00-06:00,0.51
2024-02-02 20:30:00-06:00,0.51
2024-02-02 20:35:00-06:00,1.78
2024-02-02 20:40:00-06:00,2.79
2024-02-02 20:45:00-06:00,0.76
2024-02-02 20:50:00-06:00,1.27
2024-02-02 20:55:00-06:00,1.27
2024-02-02 21:00:00-06:00,1.02
2024-02-02 21:05:00-06:00,1.02
2024-02-02 21:10:00-06:00,2.03
2024-02-02 21:15:00-06:00,1.27
2024-02-02 21:20:00-06:00,0.25
2024-02-02 21:25:00-06:00,0.25
2024-02-02 21:30:00-06:00,0.51
2024-02-02 21:35:00-06:00,0.76
2024-02-02 21:40:00-06:00,0.25
2024-02-02 23:05:00-06:00,0.25
2024-02-03 00:20:00-06:00,0.25
2024-02-03 00:30:00-06:00,0.25
2024-02-03 01:50:00-06:00,0.25
2024-02-03 02:00:00-06:00,0.25
2024-02-03 02:05:00-06:00,1.78
2024-02-03 02:10:00-06:00,0.25
2024-02-03 02:15:00-06:00,0.51
2024-02-03 02:25:00-06:00,0.25
2024-02-03 03:05:00-06:00,0.25
2024-02-03 03:10:00-06:00,0.25
2024-02-03 03:15:00-06:00,0.51
2024-02-03 03:20:00-06:00,0.25
2024-02-03 03:30:00-06:00,0.76
2024-02-03 03:35:00-06:00,0.76
2024-02-03 03:40:00-06:00,0.25
2024-02-03 03:50:00-06:00,0.25
2024-02-03 05:05:00-06:00,0.25
2024-02-03 06:25:00-06:00,0.25
2024-02-03 06:55:00-06:00,0.25
2024-02-03 07:00:00-06:00,0.51
2024-02-03 07:25:00-06:00,0.25
2024-02-03 08:00:00-06:00,0.25
2024-02-03 08:10:00-06:00,0.25
2024-02-03 08:40:00-06:00,0.25
2024-02-03 09:00:00-06:00,0.25
2024-02-03 09:05:00-06:00,0.25
2024-02-03 09:50:00-06:00,0.25
2024-02-03 10:10:00-06:00,0.25
2024-02-03 12:30:00-06:00,0.25
2024-02-03 13:40:00-06:00,0.25
2024-02-03 13:50:00-06:00,0.25
2024-02-03 13:55:00-06:00,0.25
2024-02-03 14:05:00-06:00,0.76
2024-02-03 14:10:00-06:00,0.25
2024-02-03 14:15:00-06:00,0.51
2024-02-03 14:20:00-06:00,0.76
2024-02-03 14:30:00-06:00,0.25
2024-02-03 16:25:00-06:00,0.25
2024-02-03 18:00:00-06:00,0.25
2024-02-03 18:05:00-06:00,1.02
2024-02-03 18:10:00-06:00,0.76
2024-02-03 18:15:00-06:00,1.02
2024-02-03 18:20:00-06:00,0.51
2024-02-03 20:55:00-06:00,0.25
2024-02-03 23:00:00-06:00,0.25
2024-02-04 00:25:00-06:00,0.25
2024-02-04 01:10:00-06:00,0.25
2024-02-04 01:30:00-06:00,0.25
2024-02-04 01:40:00-06:00,0.25
2024-02-04 02:25:00-06:00,0.51
2024-02-04 03:05:00-06:00,0.25
2024-02-04 03:50:00-06:00,0.25
2024-02-04 03:55:00-06:00,0.25
2024-02-04 05:10:00-06:00,0.25
2024-02-04 05:35:00-06:00,0.25
2024-02-04 06:45:00-06:00,0.25
2024-02-04 07:15:00-06:00,0.25
2024-02-04 07:30:00-06:00,0.25
2024-02-04 07:35:00-06:00,0.25
2024-02-04 07:40:00-06:00,0.51
2024-02-04 07:45:00-06:00,0.25
2024-02-04 08:25:00-06:00,0.25
2024-02-04 08:45:00-06:00,0.25
2024-02-04 09:00:00-06:00,0.25
2024-02-04 09:20:00-06:00,0.25
2024-02-04 09:40:00-06:00,0.25
2024-02-04 10:50:00-06:00,0.25
2024-02-04 11:30:00-06:00,0.51
2024-02-04 11:35:00-06:00,0.25
2024-02-04 12:40:00-06:00,0.25
2024-02-04 13:05:00-06:00,0.25
2024-02-04 13:40:00-06:00,0.25
2024-02-04 14:15:00-06:00,0.51
2024-02-04 14:20:00-06:00,0.25
2024-02-04 14:25:00-06:00,0.51
2024-02-04 14:30:00-06:00,0.25
2024-02-04 14:35:00-06:00,0.76
2024-02-04 14:50:00-06:00,0.25
2024-02-04 15:00:00-06:00,0.25
2024-02-04 15:40:00-06:00,0.25
2024-02-04 15:55:00-06:00,0.25
2024-02-04 16:05:00-06:00,0.25
2024-02-04 16:10:00-06:00,0.25
2024-02-04 16:25:00-06:00,0.76
2024-02-04 16:35:00-06:00,0.25
2024-02-04 16:40:00-06:00,0.25
2024-02-04 16:50:00-06:00,0.25
2024-02-04 17:00:00-06:00,0.51
2024-02-04 18:00:00-06:00,0.51
2024-02-04 18:40:00-06:00,0.25
2024-02-04 21:20:00-06:00,0.25
2024-02-05 00:10:00-06:00,0.51
2024-02-05 00:15:00-06:00,0.25
2024-02-05 00:45:00-06:00,0.25
2024-02-05 01:00:00-06:00,0.25
2024-02-05 01:05:00-06:00,0.25
2024-02-05 01:15:00-06:00,0.25
2024-02-05 01:25:00-06:00,0.51
2024-02-05 02:15:00-06:00,0.25
2024-02-05 02:30:00-06:00,0.25
2024-02-05 03:30:00-06:00,0.25
2024-02-05 03:40:00-06:00,0.25
2024-02-05 04:20:00-06:00,0.25
2024-02-05 05:15:00-06:00,0.25
2024-02-05 06:00:00-06:00,0.25
2024-02-05 06:25:00-06:00,0.25
2024-02-05 07:45:00-06:00,0.25
2024-02-05 07:55:00-06:00,0.51
2024-02-05 08:50:00-06:00,0.51
2024-02-05 08:55:00-06:00,0.25
2024-02-05 09:00:00-06:00,0.25
2024-02-05 09:45:00-06:00,0.25
2024-02-05 11:20:00-06:00,0.25
2024-02-05 12:00:00-06:00,0.25
2024-02-05 14:55:00-06:00,0.51
2024-02-05 15:05:00-06:00,0.25
2024-02-05 15:10:00-06:00,1.02
2024-02-05 15:15:00-06:00,0.51
2024-02-05 15:20:00-06:00,0.51
2024-02-05 15:25:00-06:00,0.51
2024-02-05 15:55:00-06:00,0.25
2024-02-05 16:20:00-06:00,0.25
2024-02-05 16:30:00-06:00,0.51
2024-02-05 18:05:00-06:00,0.25
2024-02-05 19:05:00-06:00,0.25
2024-02-05 19:30:00-06:00,0.25
2024-02-05 19:45:00-06:00,0.25
2024-02-05 22:25:00-06:00,0.25
2024-02-06 00:05:00-06:00,0.25
2024-02-06 00:15:00-06:00,0.25
2024-02-06 00:35:00-06:00,0.25
2024-02-06 00:45:00-06:00,0.25
2024-02-06 01:35:00-06:00,0.25
2024-02-06 01:40:00-06:00,0.25
2024-02-06 01:50:00-06:00,0.25
2024-02-06 01:55:00-06:00,0.25
2024-02-06 02:10:00-06:00,0.25
2024-02-06 02:30:00-06:00,0.25
2024-02-06 03:40:00-06:00,0.25
2024-02-06 03:50:00-06:00,0.51
2024-02-06 05:10:00-06:00,0.25
2024-02-06 05:15:00-06:00,0.25
2024-02-06 05:35:00-06:00,0.25
2024-02-06 06:40:00-06:00,0.25
2024-02-06 07:25:00-06:00,0.25
2024-02-06 07:30:00-06:00,0.51
2024-02-06 08:10:00-06:00,0.25
2024-02-06 08:15:00-06:00,0.25
2024-02-06 08:30:00-06:00,0.25
2024-02-06 09:30:00-06:00,0.25
2024-02-06 13:40:00-06:00,0.25
2024-02-06 15:00:00-06:00,0.25
2024-02-06 15:55:00-06:00,0.25
2024-02-06 17:00:00-06:00,0.25
2024-02-06 19:00:00-06:00,0.25
2024-02-06 19:15:00-06:00,0.25
2024-02-06 20:00:00-06:00,0.25
2024-02-06 21:20:00-06:00,0.25
2024-02-06 23:25:00-06:00,0.25
2024-02-06 23:50:00-06:00,0.25
2024-02-07 00:30:00-06:00,0.25
2024-02-07 00:50:00-06:00,0.51
2024-02-07 01:00:00-06:00,0.25
2024-02-07 01:05:00-06:00,0.25
2024-02-07 02:30:00-06:00,0.25
2024-02-07 02:35:00-06:00,0.25
2024-02-07 03:00:00-06:00,0.25
2024-02-07 03:40:00-06:00,0.25
2024-02-07 04:25:00-06:00,0.25
2024-02-07 05:05:00-06:00,0.25
2024-02-07 05:45:00-06:00,0.25
2024-02-07 06:15:00-06:00,0.25
2024-02-07 07:35:00-06:00,0.25
2024-02-07 08:00:00-06:00,0.25
2024-02-07 08:30:00-06:00,0.25
2024-02-07 09:00:00-06:00,0.25
2024-02-07 09:25:00-06:00,0.25
2024-02-07 11:00:00-06:00,0.25
2024-02-07 13:20:00-06:00,0.25
2024-02-07 13:40:00-06:00,0.25
2024-02-07 14:05:00-06:00,0.25
2024-02-07 15:05:00-06:00,0.25
2024-02-07 16:15:00-06:00,0.25
2024-02-07 18:40:00-06:00,0.25
2024-02-07 19:00:00-06:00,0.25
2024-02-07 20:15:00-06:00,0.25
2024-02-07 20:45:00-06:00,0.25
2024-02-08 01:55:00-06:00,0.25
2024-02-08 02:45:00-06:00,0.25
2024-02-08 03:50:00-06:00,0.25
2024-02-08 04:05:00-06:00,0.25
2024-02-08 04:25:00-06:00,0.25
2024-02-08 04:40:00-06:00,0.25
2024-02-08 04:45:00-06:00,0.25
2024-02-08 05:40:00-06:00,0.25
2024-02-08 05:45:00-06:00,0.25
2024-02-08 05:50:00-06:00,0.51
2024-02-08 06:15:00-06:00,0.25
2024-02-08 06:20:00-06:00,0.51
2024-02-08 08:10:00-06:00,0.25
2024-02-08 08:30:00-06:00,0.25
2024-02-08 09:55:00-06:00,0.25
2024-02-08 10:35:00-06:00,0.25
2024-02-08 13:10:00-06:00,0.25
2024-02-08 13:25:00-06:00,0.25
2024-02-08 13:40:00-06:00,0.25
2024-02-08 14:25:00-06:00,0.51
2024-02-08 14:30:00-06:00,0.51
2024-02-08 14:35:00-06:00,0.76
2024-02-08 15:05:00-06:00,0.25
2024-02-08 15:10:00-06:00,0.25
2024-02-08 16:20:00-06:00,0.25
2024-02-08 17:00:00-06:00,0.51
2024-02-08 22:35:00-06:00,0.25
2024-02-09 00:40:00-06:00,0.25
2024-02-09 01:40:00-06:00,0.25
2024-02-09 03:50:00-06:00,0.25
2024-02-09 05:25:00-06:00,0.25
2024-02-09 07:00:00-06:00,0.51
2024-02-09 07:30:00-06:00,0.25
2024-02-09 09:15:00-06:00,0.25
2024-02-09 09:45:00-06:00,0.25
2024-02-09 10:50:00-06:00,0.25
2024-02-09 12:00:00-06:00,0.25
2024-02-09 12:35:00-06:00,0.25
2024-02-09 13:40:00-06:00,0.25
2024-02-09 14:10:00-06:00,0.25
2024-02-09 15:15:00-06:00,0.25
2024-02-09 19:10:00-06:00,0.25
2024-02-09 19:55:00-06:00,0.25
2024-02-09 20:10:00-06:00,0.25
2024-02-09 20:45:00-06:00,0.25
2024-02-09 22:00:00-06:00,0.51
2024-02-09 22:05:00-06:00,0.25
2024-02-09 22:20:00-06:00,0.25
2024-02-09 22:35:00-06:00,0.25
2024-02-09 22:45:00-06:00,0.25
2024-02-09 22:50:00-06:00,0.25
2024-02-09 23:05:00-06:00,0.25
2024-04-05 09:10:00-06:00,1.27
2024-04-05 09:15:00-06:00,0.76
2024-04-05 09:40:00-06:00,0.76
2024-04-05 09:45:00-06:00,0.25
2024-04-05 10:35:00-06:00,0.51
2024-04-09 07:35:00-06:00,0.25
2024-04-09 07:40:00-06:00,0.51
2024-04-09 08:05:00-06:00,0.25
2024-04-09 08:10:00-06:00,0.51
2024-04-09 08:25:00-06:00,0.25
2024-04-09 21:25:00-06:00,0.51
2024-04-09 21:30:00-06:00,3.05
2024-04-09 21:35:00-06:00,5.08
2024-04-09 21:40:00-06:00,4.06
2024-04-09 21:45:00-06:00,0.76
2024-04-09 21:50:00-06:00,0.25
2024-04-09 21:55:00-06:00,0.25
2024-04-09 22:00:00-06:00,0.25
2024-04-09 22:10:00-06:00,0.51
2024-04-09 22:15:00-06:00,0.25
2024-04-09 22:20:00-06:00,0.51
2024-04-09 22:25:00-06:00,0.25
2024-04-09 22:35:00-06:00,0.25
2024-04-09 22:40:00-06:00,0.25
2024-04-09 22:45:00-06:00,0.51
2024-04-09 22:50:00-06:00,0.25
2024-04-09 22:55:00-06:00,0.25
2024-04-09 23:45:00-06:00,0.25
2024-04-09 23:50:00-06:00,0.51
2024-04-09 23:55:00-06:00,0.76
2024-04-10 00:00:00-06:00,0.51
2024-04-10 01:40:00-06:00,0.25
2024-04-16 11:05:00-06:00,0.25
2024-04-17 18:00:00-06:00,0.25
2024-04-20 22:10:00-06:00,1.27
2024-04-20 22:15:00-06:00,1.02
2024-04-20 22:25:00-06:00,0.51
2024-04-20 22:35:00-06:00,0.25
2024-04-21 00:00:00-06:00,0.51
2024-04-21 00:05:00-06:00,1.78
2024-04-21 00:10:00-06:00,0.51
2024-04-21 00:15:00-06:00,0.76
2024-04-21 00:20:00-06:00,1.27
2024-04-21 00:25:00-06:00,4.57
2024-04-21 00:30:00-06:00,1.02
2024-04-21 00:35:00-06:00,0.25
2024-04-21 00:50:00-06:00,0.51
2024-04-26 10:05:00-06:00,0.51
2024-04-26 10:10:00-06:00,0.51
2024-04-28 06:50:00-06:00,0.25
2024-04-28 06:55:00-06:00,3.3
2024-04-28 07:00:00-06:00,5.59
2024-04-28 07:05:00-06:00,3.05
2024-04-28 07:10:00-06:00,4.32
2024-04-28 07:15:00-06:00,2.79
2024-04-28 07:20:00-06:00,1.52
2024-04-28 07:25:00-06:00,2.03
2024-04-28 07:30:00-06:00,1.52
2024-04-28 07:35:00-06:00,2.03
2024-04-28 07:40:00-06:00,0.76
2024-04-28 07:45:00-06:00,2.03
2024-04-28 07:50:00-06:00,1.78
2024-04-28 07:55:00-06:00,1.52
2024-04-28 08:00:00-06:00,1.27
2024-04-28 08:05:00-06:00,4.06
2024-04-28 08:10:00-06:00,3.05
2024-04-28 08:15:00-06:00,1.02
2024-04-30 17:35:00-06:00,1.02
2024-05-01 09:45:00-06:00,0.25
2024-05-01 09:50:00-06:00,0.25
2024-05-01 15:50:00-06:00,0.25
2024-05-01 15:55:00-06:00,0.51
2024-05-01 16:00:00-06:00,1.27
2024-05-01 16:05:00-06:00,0.25
2024-05-01 16:10:00-06:00,0.25
2024-05-01 16:25:00-06:00,0.25
2024-05-01 21:25:00-06:00,0.25
2024-05-02 12:10:00-06:00,0.25
2024-05-02 14:15:00-06:00,0.25
2024-05-02 14:20:00-06:00,0.25
2024-05-02 14:25:00-06:00,0.25
2024-05-02 14:30:00-06:00,0.25
2024-05-02 14:40:00-06:00,0.76
2024-05-02 15:00:00-06:00,0.25
2024-05-02 15:20:00-06:00,0.25
2024-05-03 01:25:00-06:00,0.25
2024-05-03 01:30:00-06:00,0.25
2024-05-03 01:35:00-06:00,0.51
2024-05-03 01:40:00-06:00,0.25
2024-05-03 01:45:00-06:00,0.25
2024-05-03 02:00:00-06:00,0.25
2024-05-03 12:00:00-06:00,0.25
2024-05-04 01:55:00-06:00,0.25
2024-05-04 11:15:00-06:00,0.25
2024-05-11 23:55:00-06:00,0.25
2024-05-13 10:50:00-06:00,0.25
2024-05-13 10:55:00-06:00,0.25
2024-05-13 11:00:00-06:00,0.51
2024-05-13 11:05:00-06:00,4.57
2024-05-13 11:10:00-06:00,1.78
2024-05-13 11:35:00-06:00,0.25
2024-05-13 11:40:00-06:00,0.51
2024-05-13 11:45:00-06:00,1.52
2024-05-13 11:50:00-06:00,1.27
2024-05-13 11:55:00-06:00,0.51
2024-05-13 12:00:00-06:00,0.51
2024-05-13 12:45:00-06:00,0.25
2024-05-28 21:50:00-06:00,0.76
2024-05-28 22:35:00-06:00,3.05
2024-05-28 22:40:00-06:00,0.76
2024-05-28 23:10:00-06:00,0.25
2024-05-28 23:15:00-06:00,0.51
2024-05-28 23:20:00-06:00,0.51
2024-05-28 23:25:00-06:00,0.25
2024-05-28 23:30:00-06:00,0.25
2024-05-28 23:35:00-06:00,0.25
2024-05-28 23:45:00-06:00,0.25
2024-05-28 23:50:00-06:00,0.51
2024-05-29 00:00:00-06:00,0.25
2024-05-30 23:40:00-06:00,0.25
2024-05-31 08:35:00-06:00,0.25
2024-06-09 23:40:00-06:00,0.25
2024-06-10 00:40:00-06:00,0.25
2024-06-10 01:00:00-06:00,0.25
2024-06-10 01:20:00-06:00,0.25
2024-06-10 01:40:00-06:00,0.25
2024-06-10 07:05:00-06:00,0.25
2024-06-10 07:20:00-06:00,0.25
2024-06-10 07:30:00-06:00,0.25
2024-06-10 07:45:00-06:00,0.25
2024-06-10 07:55:00-06:00,0.25
2024-06-10 08:15:00-06:00,0.25
2024-06-10 08:40:00-06:00,0.25
2024-06-10 09:05:00-06:00,0.25
2024-06-10 09:35:00-06:00,0.25
2024-06-10 10:55:00-06:00,0.25
2024-06-13 12:20:00-06:00,0.51
2024-06-18 11:20:00-06:00,1.52
2024-06-19 13:40:00-06:00,0.25
2024-06-19 14:15:00-06:00,0.25
2024-06-19 14:55:00-06:00,0.25
2024-06-19 15:05:00-06:00,0.25
2024-06-19 15:10:00-06:00,0.25
2024-06-19 15:30:00-06:00,0.25
2024-06-19 15:45:00-06:00,0.25
2024-06-19 16:05:00-06:00,0.25
2024-06-19 16:10:00-06:00,0.25
2024-06-19 16:35:00-06:00,0.25
2024-06-19 16:45:00-06:00,0.25
2024-06-19 16:55:00-06:00,0.25
2024-06-19 17:10:00-06:00,0.25
2024-06-19 17:15:00-06:00,0.51
2024-06-19 17:20:00-06:00,0.51
2024-06-19 17:25:00-06:00,0.51
2024-06-19 17:35:00-06:00,0.25
2024-06-19 17:40:00-06:00,0.25
2024-06-19 17:45:00-06:00,0.25
2024-06-19 17:50:00-06:00,0.25
2024-06-19 17:55:00-06:00,0.51
2024-06-19 18:00:00-06:00,0.51
2024-06-19 18:05:00-06:00,0.51
2024-06-19 18:10:00-06:00,0.51
2024-06-19 18:20:00-06:00,0.25
2024-06-19 18:25:00-06:00,0.25
2024-06-19 18:30:00-06:00,0.25
2024-06-19 18:35:00-06:00,0.25
2024-06-19 18:40:00-06:00,0.25
2024-06-19 18:50:00-06:00,0.25
2024-06-19 19:00:00-06:00,0.25
2024-06-19 19:05:00-06:00,0.25
2024-06-19 19:10:00-06:00,0.25
2024-06-19 19:15:00-06:00,0.25
2024-06-19 19:20:00-06:00,0.25
2024-06-19 19:25:00-06:00,0.25
2024-06-19 19:35:00-06:00,0.25
2024-06-19 19:40:00-06:00,0.25
2024-06-19 19:45:00-06:00,0.51
2024-06-19 19:50:00-06:00,0.25
2024-06-19 19:55:00-06:00,0.76
2024-06-19 20:00:00-06:00,0.76
2024-06-19 20:05:00-06:00,0.25
2024-06-19 20:10:00-06:00,0.25
2024-06-19 20:15:00-06:00,0.25
2024-06-19 20:20:00-06:00,0.25
2024-06-19 20:25:00-06:00,0.25
2024-06-19 20:30:00-06:00,0.25
2024-06-19 20:35:00-06:00,0.25
2024-06-19 20:40:00-06:00,0.51
2024-06-19 20:45:00-06:00,0.25
2024-06-19 20:50:00-06:00,0.25
2024-06-19 20:55:00-06:00,0.25
2024-06-19 21:00:00-06:00,0.51
2024-06-19 21:10:00-06:00,0.25
2024-06-19 21:15:00-06:00,0.25
2024-06-19 21:20:00-06:00,0.25
2024-06-19 21:25:00-06:00,0.51
2024-06-19 21:30:00-06:00,0.51
2024-06-19 21:35:00-06:00,0.25
2024-06-19 21:40:00-06:00,0.51
2024-06-19 21:45:00-06:00,0.51
2024-06-19 21:50:00-06:00,0.25
2024-06-19 21:55:00-06:00,0.25
2024-06-19 22:05:00-06:00,0.25
2024-06-19 22:15:00-06:00,0.25
2024-06-19 22:20:00-06:00,0.25
2024-06-19 22:25:00-06:00,0.25
2024-06-19 22:30:00-06:00,0.25
2024-06-19 22:35:00-06:00,0.25
2024-06-19 22:40:00-06:00,0.25
2024-06-19 22:50:00-06:00,0.25
2024-06-19 23:00:00-06:00,0.25
2024-06-19 23:15:00-06:00,0.25
2024-06-19 23:20:00-06:00,0.25
2024-06-19 23:30:00-06:00,0.25
2024-06-19 23:40:00-06:00,0.25
2024-06-19 23:50:00-06:00,0.25
2024-06-19 23:55:00-06:00,0.25
2024-06-20 00:10:00-06:00,0.25
2024-06-20 00:25:00-06:00,0.25
2024-06-20 01:10:00-06:00,0.25
2024-06-20 02:10:00-06:00,0.25
2024-06-20 02:45:00-06:00,0.25
2024-06-20 09:40:00-06:00,0.76
2024-06-20 09:45:00-06:00,3.3
2024-06-20 09:50:00-06:00,0.25
2024-06-20 14:40:00-06:00,3.05
2024-06-20 14:45:00-06:00,2.79
2024-06-20 15:20:00-06:00,0.25
2024-06-20 15:55:00-06:00,0.25
2024-06-20 16:00:00-06:00,1.02
2024-06-20 16:05:00-06:00,1.02
2024-06-20 16:10:00-06:00,0.25
2024-06-20 16:15:00-06:00,1.27
2024-06-20 16:20:00-06:00,1.52
2024-06-20 16:25:00-06:00,0.51
2024-06-20 17:05:00-06:00,1.27
2024-06-20 17:10:00-06:00,0.76
2024-06-20 17:30:00-06:00,0.25
2024-06-20 17:35:00-06:00,0.25
2024-06-20 18:20:00-06:00,0.25
2024-06-20 18:35:00-06:00,0.25
2024-06-20 19:25:00-06:00,1.52
2024-06-20 19:30:00-06:00,0.76
2024-06-20 19:35:00-06:00,0.25
2024-06-20 21:35:00-06:00,0.25
2024-06-20 21:40:00-06:00,4.57
2024-06-20 21:45:00-06:00,2.54
2024-06-20 21:50:00-06:00,1.02
2024-06-20 21:55:00-06:00,1.27
2024-06-20 22:00:00-06:00,0.51
2024-06-20 22:15:00-06:00,0.51
2024-06-20 22:25:00-06:00,0.25
2024-06-21 13:35:00-06:00,0.25
2024-07-06 17:15:00-06:00,0.25
2024-07-06 17:20:00-06:00,0.51
2024-07-06 17:25:00-06:00,1.02
2024-07-06 17:30:00-06:00,0.25
2024-07-06 17:35:00-06:00,0.25
2024-07-06 17:40:00-06:00,0.25
2024-07-09 14:10:00-06:00,0.25
2024-07-09 14:55:00-06:00,0.51
2024-07-09 15:00:00-06:00,8.64
2024-07-18 11:25:00-06:00,0.25
2024-07-18 11:30:00-06:00,0.25
2024-07-18 11:40:00-06:00,0.25
2024-07-18 11:50:00-06:00,0.25
2024-07-18 12:10:00-06:00,0.25
2024-07-19 10:35:00-06:00,0.25
2024-07-19 10:50:00-06:00,0.25
2024-07-19 10:55:00-06:00,0.25
2024-07-19 11:00:00-06:00,0.51
2024-07-19 11:05:00-06:00,0.76
2024-07-19 11:10:00-06:00,0.51
2024-07-19 11:15:00-06:00,0.51
2024-07-19 11:20:00-06:00,0.25
2024-07-19 14:45:00-06:00,0.25
2024-07-19 14:55:00-06:00,0.25
2024-07-21 19:40:00-06:00,0.25
2024-07-21 19:55:00-06:00,0.25
2024-07-21 20:00:00-06:00,0.25
2024-07-21 20:05:00-06:00,0.25
2024-07-21 20:15:00-06:00,0.25
2024-07-22 08:15:00-06:00,0.25
2024-07-22 19:05:00-06:00,0.51
2024-07-22 19:20:00-06:00,0.25
2024-07-22 19:25:00-06:00,0.76
2024-07-22 19:30:00-06:00,1.02
